Workbook

Sheet Individual Surfactant Key
A1: Individual Surfactant Key
C2: CAS# | D2: Source | E2: Additional Info
A3: TMN6 | B3: Tergitol TMN6 | D3: Commercial
A4: T15-S-7 | B4: Tergitol 15-S-7 | D4: Commercial
A5: TrX45 | B5: Triton X-45 | D5: Commercial
A6: TrX114 | B6: Triton X-114 | D6: Commercial
A7: LinSucSulf | B7: Linear Succinate Sulfonate | D7: Commercial
A8: T4 | B8: Tergitol 4 (Niaproof 4) | D8: Commercial
A9: TrCG-425 | B9: Triton CG-425 | D9: Commercial
A10: AlfSodSalt | B10: Alfa Sodium Salt | D10: Commercial
A11: AlphaFoam | B11: Alpha Foamer | D11: Commercial
A12: Mys | B12: Myristyl | D12: Commercial
A13: D5575 | B13: Dow 5575 | D13: Commercial
A14: D5244 | B14: Dow 5244 | D14: Commercial
... A42: NRL_N10477-05 | B42: NRL Synthesized trisiloxane tail with 16 PEO units, OH term, NOF precursor | D42: NRL Synthesized
A43: Gel6185 | B43: Gelest SiH 6185 | C43: 67674-67-3 | D43: Commercial | E43: Purchased from Gelest Inc.
A44: G215 | B44: Glucopon 215 UP | D44: Commercial
A45: G225 | B45: Glucopon 225DK | D45: Commercial
A46: G600 | B46: Glucopon 600 UP | D46: Commercial
A47: Gel6492.6 | B47: Gelest SIM 6492.6 | C47: 27306-78-1 | D47: Commercial | E47: Purchased from Gelest Inc.
A48: T15-S-9 | B48: Tergitol 15-S-9 | D48: Commercial
A49: T15-S-12 | B49: Tergitol 15-S-12 | D49: Commercial
A50: CL_C8G3 | B50: China Lake Synthesized APG 8 alkyl chain length with 3 glycoside units | D50: China Lake Synthesized
A51: C6G2 | B51: Anatrace monoglyocisde 6 alkyl carbons long 2 glycoside units | D51: Commercial | E51: Purchased from Anatrace
A52: Buckeye | B52: Commercial AFFF, not an individual surfactant | D52: Commercial
A53: RF6 | B53: Commercial fluorine-free, not an individual surfactant | D53: Commercial
A54: Collab181360 | B54: Experimental material provided by collaborator, structure unknown | D54: Collab Synthesized
A55: C8G2 | B55: Anatrace monoglyocisde 8 alkyl carbons long 2 glycoside units | D55: Commercial | E55: Purchased from Anatrace
A56: C10G2 | B56: Anatrace monoglyocisde 10 alkyl carbons long 2 glycoside units | D56: Commercial | E56: Purchased from Anatrace
A57: C12G2 | B57: Anatrace monoglyocisde 12 alkyl carbons long 2 glycoside units | D57: Commercial | E57: Purchased from Anatrace
A58: C8G1 | B58: Anatrace monoglyocisde 8 alkyl carbons long 1 glycoside units | D58: Commercial | E58: Purchased from Anatrace
A59: Collab_EXP-20-C10628-A | B59: Experimental material provided by collaborater, structure unknown | D59: Collab Synthesized | E59: Tested June 2020
A60: Collab_EXP-20-C10628-B | B60: Experimental material provided by collaborater, structure unknown | D60: Collab Synthesized | E60: Tested June 2020
A61: Collab_EXP-20-C10628-C | B61: Experimental material provided by collaborater, structure unknown | D61: Collab Synthesized | E61: Tested June 2020
A62: Collab_EXP-20-C10628-D | B62: Experimental material provided by collaborater, structure unknown | D62: Collab Synthesized | E62: Tested June 2020
A63: Collab_EXP-20-C10628-E | B63: Experimental material provided by collaborater, structure unknown | D63: Collab Synthesized | E63: Tested June 2020
A64: Collab_EXP-21-1 | B64: Experimental material provided by collaborater, structure unknown | D64: Collab Synthesized | E64: Tested Sept/Oct 2021
A65: Collab_EXP-21-2 | B65: Experimental material provided by collaborater, structure unknown | D65: Collab Synthesized | E65: Tested Sept/Oct 2021
A66: AvioGreen | B66: Commercial fluorine-free made by National Foam, not an individual surfactant | D66: Commercial | E66: Batch number not known, tested 2020/2021
... A87: Collab_EXP-21-CH1035-C | B87: Experimental material provided by collaborater, structure unknown | D87: Collab Synthesized | E87: Tested May 2021
A88: CL_MD2062-121 | B88: China Lake Synthesized surfactant by Matt Davis, trisiloxane tail structure, one glucosamide head | D88: China Lake Synthesized
A89: CL_MD2062-124 | B89: China Lake Synthesized surfactant by Matt Davis, tetrasiloxane tail structure, sulfobetaine | D89: China Lake Synthesized | E89: same SMILES as MD2062-54, 2062-67, 2062-124
A90: TrGR-5M | B90: Triton GR-5M | D90: Commercial
A91: CL_MDAPS | B91: trisiloxane from china lake 3-aminoporpylbis(trimethylsiloxy)methyl silane (APS) | D91: China Lake Synthesized
A92: CL_MD2086-97 | B92: tetrasiloxane with a glucosamide one unit long, synthesized by china lake, NH linker to NH with glucosamide | D92: China Lake Synthesized
A93: CL_MD2102-16 | B93: trisiloxane with sulfobetaine head group, same structure as N1048-017, made by Art, tested for CMC not further evaluated | D93: China Lake Synthesized
A94: NRL_CB-1-123 | B94: trisiloxane sulofbetaine with an extra carbon between N and sulfonate compared to structures in 123 and 124 | D94: NRL Synthesized
A95: NRL_N10477-189 | B95: tetrasilane-sulfobetaine | D95: NRL Synthesized
A96: NRL_N10478-081 | B96: cyclotetrasiloxane sulfobetaine | D96: NRL Synthesized
A97: CL_MD2062-57 | B97: Tetrasiloxane-trimethylammoniumiodide | D97: China Lake Synthesized
A98: CL_MD2062-148 | B98: Tetrasiloxane-pyridiniumchloride | D98: China Lake Synthesized
A99: Collab_EXP-20-CH1024-A | B99: Experimental material provided by collaborater, structure unknown | D99: Collab Synthesized
A100: Collab_EXP-20-CH1024-B | B100: Experimental material provided by collaborater, structure unknown | D100: Collab Synthesized
A101: Collab_EXP-20-CH1024-C | B101: Experimental material provided by collaborater, structure unknown | D101: Collab Synthesized
... A118: Collab_EXP-22-CH1050 | B118: Experimental material provided by collaborater, structure unknown | D118: Collab Synthesized
A119: Ecoguard | B119: Chemguard's Ecoguard CF3F | D119: Commercial | E119: Batch number not known, tested 2018/2020
A120: NationalARF3 | B120: National Foam Universal Green (AR-synthetic) | D120: Commercial | E120: Batch number not known, tested 2018/2020
A121: Collab_EXP-20-CIO632-A3 | B121: Experimental material provided by collaborater, structure unknown | D121: Collab Synthesized
A122: Collab_EXP-20-CIO632-B3 | B122: Experimental material provided by collaborater, structure unknown | D122: Collab Synthesized
A123: Collab_EXP-20-CIO632-C3 | B123: Experimental material provided by collaborater, structure unknown | D123: Collab Synthesized
A124: NRL_LBII43 | B124: trisiloxane 10-15 PEO with OCH3 termination | D124: NRL Synthesized
A125: NRL_CB_DTBTS_SB | B125: tetrasiloxane with betaine head, but extra carbon in betaine length | D125: NRL Synthesized
A126: NRL_N10478-227 | B126: trisiloxane with NH groups, ending in 3 branched OH tail | D126: NRL Synthesized
A127: NRL_N10478-233 | B127: trisiloxane with NH groups, ending in 2 branched OH tail | D127: NRL Synthesized
A128: NRL_N10478-240 | B128: trisiloxane with NH groups, ending in 5 branched OH tail | D128: NRL Synthesized
A129: CL_MD2102-90 | B129: china lake dicarbosilane sulfobetaine | D129: China Lake Synthesized
A130: CL_MD2102-112 | D130: China Lake Synthesized
A131: CL_MD2102-118 | D131: China Lake Synthesized
A132: Collab_EXP-21-CH1070-1 | B132: Experimental material provided by collaborater, structure unknown | D132: Collab Synthesized
A133: Collab_EXP-21-CH1070-2 | B133: Experimental material provided by collaborater, structure unknown | D133: Collab Synthesized
A134: Collab_EXP-21-CH1070-4 | B134: Experimental material provided by collaborater, structure unknown | D134: Collab Synthesized
A135: NRL_CB-1-192 | B135: chlorine substituted on siloxane surfactant tail, PEO head group | D135: NRL Synthesized

Sheet Indiv. Surfactant Key
A1: Individual Surfactant Key | G1: Color code
A2: Short-Hand Notation | B2: Full Name | C2: Source | D2: Additional Info | G2: Surfactant with SMILES
A3: TMN6 | B3: Tergitol TMN6 | C3: Commercial | D3: Purchased from Sigma Aldrich | G3: Commercial Surfactant with no SMILES
A4: T15-S-7 | B4: Tergitol 15-S-7 | C4: Commercial | D4: Purchased from Sigma Aldrich | G4: Commercial firefighting foam concentrate
A5: TrX45 | B5: Triton X-45 | C5: Commercial | D5: Purchased from Sigma Aldrich | G5: Experimental firefighting foam concentrate
A6: TrX114 | B6: Triton X-114 | C6: Commercial | D6: Purchased from Sigma Aldrich
A7: T4 | B7: Tergitol 4 (Niaproof 4) | C7: Commercial | D7: Purchased from Sigma Aldrich
A8: AlfSodSalt | B8: Alfa Sodium Salt | C8: Commercial
A9: Mys | B9: Myristyl | C9: Commercial
A10: D502W | B10: Dow 502W | C10: Commercial | D10: Provided by Dow Chemical
A11: SDS | B11: Sodium dodecyl sulfate | C11: Commercial | D11: Purchased from Sigma Aldrich
A12: TrX100 | B12: Triton X-100 | C12: Commercial | D12: Purchased from Sigma Aldrich
A13: CTAB | B13: Centrimonium bromide | C13: Commercial
A14: Cap | B14: Capstone 1157N | C14: Commercial | D14: Provided by Chemours
A15: L77 | B15: Silwet L77 | C15: Commercial
A16: PFOA | B16: Perfluorooctanoic acid | C16: Commercial
A17: NRL_N10358-107 | B17: trisiloxane tail with no PEO units in head, OH terminated (mondisperse) | C17: NRL Synthesized
A18: NRL_N10358-106 | B18: trisiloxane tail with 1 PEO unit, OH terminated (monodispersed) | C18: NRL Synthesized
A19: NRL_N10358-135 | B19: trisiloxane tail with 3 PEO units, OH terminated (mondispersed) | C19: NRL Synthesized
A20: NRL_N10477-12 | B20: trisiloxane tail with 4-7 PEO units in head, OH terminated | C20: NRL Synthesized
A21: NRL_N10358-176 | B21: trisiloxane tail with 9-12 PEO units in head, OH terminated | C21: NRL Synthesized
A22: NRL_N10358-174 | B22: trisiloxane tail with 12-20 PEO units in head, OH terminated | C22: NRL Synthesized
A23: NRL_N10358-169 | B23: trisiloxane tail with 35-50 PEO units in head, OH terminated | C23: NRL Synthesized
A24: NRL_N10477-01 | B24: trisiloxane tail with 11-12 PEO units, OH terminated | C24: NRL Synthesized
A25: NRL_N10358-161 | B25: trisiloxane tail with 2 PEO units, OH terminated (monodisperse) | C25: NRL Synthesized
A26: NRL_N10477-09 | B26: tetrasilane tail with 11-12 PEO units, OH terminated | C26: NRL Synthesized
... A29: NRL_N10477-05 | B29: trisiloxane tail with 15-16 PEO units, OH terminated | C29: NRL Synthesized
A30: Gel6185 | B30: Gelest SiH 6185 | C30: Commercial | D30: Purchased from Gelest Inc.
A31: G215 | B31: Glucopon 215 UP | C31: Commercial | D31: Purchased from BASF
A32: G225 | B32: Glucopon 225DK | C32: Commercial | D32: Purchased from BASF
A33: G600 | B33: Glucopon 600 UP | C33: Commercial | D33: Purchased from BASF
A34: Gel6492.6 | B34: Gelest SIM 6492.6 | C34: Commercial | D34: Purchased from Gelest Inc.
A35: T15-S-9 | B35: Tergitol 15-S-9 | C35: Commercial | D35: Purchased from Sigma Aldrich
A36: T15-S-12 | B36: Tergitol 15-S-12 | C36: Commercial | D36: Purchased from Sigma Aldrich
A37: CL_C8G3 | B37: APG: 8 alkyl chain length 3 glycoside units | C37: China Lake Synthesized
A38: C8G2 | B38: APG: 8 alkyl chain length 2 glycoside units | C38: Commercial | D38: Purchased from Anatrace
A39: C10G2 | B39: APG: 10 alkyl chain length 2 glycoside units | C39: Commercial | D39: Purchased from Anatrace
A40: C12G2 | B40: APG: 12 alkyl chain length 2 glycoside units | C40: Commercial | D40: Purchased from Anatrace
A41: C8G1 | B41: APG: 8 alkyl chain length 1 glycoside unit | C41: Commercial | D41: Purchased from Anatrace
A42: C8SG2 | B42: APG: 8 alkyl chain length 2 sulfonated substituted glycoside units | C42: Commercial | D42: Purchased from Anatrace
A43: Cymal | B43: APG | C43: Commercial | D43: Purchased from Anatrace
A44: iC8G2 | B44: APG | C44: Commercial | D44: Purchased from Anatrace
A45: C6G2 | B45: APG: 6 alkyl chain length glycoside units | C45: Commercial | D45: Purchased from Anatrace
A46: C9G2 | B46: APG: 9 alkyl chain length 2 glycoside units | C46: Commercial | D46: Purchased from Anatrace
A47: C6G1 | B47: APG: 6 alkyl chain length 1 glycoside unit | C47: Commercial | D47: Purchased from Anatrace
A48: C7G1 | B48: APG: 7 alkyl chain length 1 glycoside unit | C48: Commercial | D48: Purchased from Anatrace
A49: CL_MD2062-121 | B49: trisiloxane tail structure, one glucosamide head | C49: China Lake Synthesized
A50: CL_MD2062-124 | B50: tetrasiloxane tail structure, sulfobetaine | C50: China Lake Synthesized | D50: same SMILES as MD2062-54, 2062-67, 2062-124
A51: TrGR-5M | B51: Triton GR-5M | C51: Commercial | D51: Provided by Dow Chemical
A52: CL_MDAPS | B52: 3-aminoporpylbis(trimethylsiloxy)methyl silane (APS) | C52: China Lake Synthesized
A53: CL_MD2086-97 | B53: tetrasiloxane with a glucosamide one unit long, NH linker to NH with glucosamide | C53: China Lake Synthesized
A54: CL_MD2012-16 | B54: trisiloxane with sulfobetaine head group, tested for CMC not further evaluated | C54: China Lake Synthesized
A55: NRL_CB-1-123 | B55: trisiloxane sulofbetaine with an extra carbon between N and sulfonate | C55: NRL Synthesized
A56: NRL_N10477-189 | B56: tetrasilane-sulfobetaine | C56: NRL Synthesized
A57: CL_MD2062-57 | B57: tetrasiloxane-trimethylammoniumiodide | C57: China Lake Synthesized
A58: CL_MD2062-148 | B58: tetrasiloxane-pyridiniumchloride | C58: China Lake Synthesized
A59: CL_MD2102-54 | B59: diglycoside with oxygen linker instead of =O with trisiloxane | C59: China Lake Synthesized
A60: NRL_N10478-198 | B60: tetrasiloxane sulfobetane, same as CL structures | C60: NRL Synthesized
A61: C10G3 | B61: APG: n-decylmaltotriside | C61: China Lake Synthesized
A62: C12G3 | B62: APG: n-dodecylmaltotriside | C62: China Lake Synthesized
A63: NRL_N10478-40 | B63: trisiloxane sulfobetaine | C63: NRL synthesized
... A69: CL_MD2102-90 | B69: dicarbosilane sulfobetaine | C69: China Lake Synthesized
A70: CL_MD2102-112 | C70: China Lake Synthesized
A71: CL_MD2102-118 | C71: China Lake Synthesized
A72: NRL_CB-1-192 | B72: chlorine substituted on siloxane surfactant tail, PEO head group | C72: NRL Synthesized
A73: NRL_N10478-81 | B73: cyclotetrasiloxane sulfobetaine | C73: NRL Synthesized
A74: LinSucSulf | B74: Linear Succinate Sulfonate | C74: Commercial | D74: Purchased from Sigma Aldrich
A75: TrCG-425 | B75: Triton CG-425 | C75: Commercial | D75: Provided by Dow Chemical
A76: AlphaFoam | B76: Alpha Foamer | C76: Commercial | D76: Purchased from Stepan
A77: D5575 | B77: Dow 5575 | C77: Commercial | D77: Provided by Dow Chemical
A78: D5244 | B78: Dow 5244 | C78: Commercial | D78: Provided by Dow Chemical
A79: D193 | B79: Dow 193 | C79: Commercial | D79: Provided by Dow Chemical
A80: D501W | B80: Dow 501W | C80: Commercial | D80: Provided by Dow Chemical
A81: D198 | B81: Dow 198 | C81: Commercial | D81: Provided by Dow Chemical
A82: D5604 | B82: Dow 5604 | C82: Commercial | D82: Provided by Dow Chemical
A83: D5098 | B83: Dow 5098 | C83: Commercial | D83: Provided by Dow Chemical
A84: Silphos | B84: Siltech Silphos J208 | C84: Commercial | D84: Purchased from Siltech
A85: Silsurf | B85: Siltech Silsurf J208 | C85: Commercial | D85: Purchased from Siltech
A86: D67 | B86: Dow 67 | C86: Commercial | D86: Provided by Dow Chemical
A87: Buckeye 3% | B87: Commercial AFFF, not an individual surfactant, specific product was MilSpec qualified at some point | C87: Commercial
A88: RF6 | B88: Commercial fluorine-free, not an individual surfactant, Solberg product manufactured 2008 | C88: Commercial
A89: Avio®F3 Green KHC | B89: Commercial fluorine-free made by National Foam, not an individual surfactant, product manufactured by National Foam | C89: Commercial | D89: Batch number not known, tested 2020/2021
A90: JetFoam 3% | B90: Commercial fluorine-free made by Angus, not an individual surfactant, same formulation as AvioGreen, different manufacturer | C90: Commercial | D90: Batch number not known, tested 2020/2021
A91: Solberg® Rehealing RF3 3% | B91: Commercial fluorine-free made by Solberg, not an individual surfactant | C91: Commercial | D91: Batch number not known, tested 2020/2021
A92: FomtecEnviroUSP 3% | B92: Commercial fluorine-free made by Fomtec, not an individual surfactant | C92: Commercial | D92: Batch number not known, tested 2020/2021
A93: Ecoguard CF3F | B93: Commercial fluroine-free made by Chemguard, not an individual surfactant | C93: Commercial | D93: Batch number not known, tested 2018/2020
A94: Universal®F3 Green | B94: Commercial fluorine-free made by National Foam, alocohol resistant foam, different from other commercial products examined | C94: Commercial | D94: Batch number not known, tested 2018/2020
A95: ComSor181360 | B95: Experimental material provided from commercial source, structure unknown | C95: Commercial Source
A96: ComSor_EXP-20-C10628-A | B96: Experimental material provided from commercial source, structure unknown | C96: Commercial Source | D96: Tested June 2020
A97: ComSor_EXP-20-C10628-B | B97: Experimental material provided from commercial source, structure unknown | C97: Commercial Source | D97: Tested June 2020
A98: ComSor_EXP-20-C10628-C | B98: Experimental material provided from commercial source, structure unknown | C98: Commercial Source | D98: Tested June 2020
A99: ComSor_EXP-20-C10628-D | B99: Experimental material provided from commercial source, structure unknown | C99: Commercial Source | D99: Tested June 2020
A100: ComSor_EXP-20-C10628-E | B100: Experimental material provided from commercial source, structure unknown | C100: Commercial Source | D100: Tested June 2020
A101: ComSor_EXP-21-1 | B101: Experimental material provided from commercial source, structure unknown | C101: Commercial Source | D101: Tested Sept/Oct 2021
A102: ComSor_EXP-21-2 | B102: Experimental material provided from commercial source, structure unknown | C102: Commercial Source | D102: Tested Sept/Oct 2021
A103: ComSor_EXP-21-3 | B103: Experimental material provided from commercial source, structure unknown | C103: Commercial Source | D103: Tested Sept/Oct 2021
A104: ComSor_EXP-21-5 | B104: Experimental material provided from commercial source, structure unknown | C104: Commercial Source | D104: Tested Sept/Oct 2021
A105: ComSor_EXP-21-6 | B105: Experimental material provided from commercial source, structure unknown | C105: Commercial Source | D105: Tested Sept/Oct 2021
A106: ComSor_EXP-21-7 | B106: Experimental material provided from commercial source, structure unknown | C106: Commercial Source | D106: Tested Sept/Oct 2021
A107: ComSor1830503 | B107: Experimental material provided from commercial source, structure unknown | C107: Commercial Source | D107: Tested Nov 2019
...

Sheet SMILES Individual
A1: SMILES files, highlighted in orange are polydisperse structures with multiple SMILES files (22 structures)
A2: ='Indiv. Surfactant Key'!A8 -> AlfSodSalt | B2: ='Indiv. Surfactant Key'!A39 -> C10G2 | C2: ='Indiv. Surfactant Key'!A40 -> C12G2 | D2: ='Indiv. Surfactant Key'!A62 -> C12G3 | E2: ='Indiv. Surfactant Key'!A47 -> C6G1 | F2: ='Indiv. Surfactant Key'!A45 -> C6G2 | G2: ='Indiv. Surfactant Key'!A48 -> C7G1 | H2: ='Indiv. Surfactant Key'!A41 -> C8G1 | I2: ='Indiv. Surfactant Key'!A38 -> C8G2 | J2: ='Indiv. Surfactant Key'!A42 -> C8SG2 | K2: ='Indiv. Surfactant Key'!A46 -> C9G2 | L2: ='Indiv. Surfactant Key'!A14 -> Cap | M2: ='Indiv. Surfactant Key'!A37 -> CL_C8G3 | N2: ='Indiv. Surfactant Key'!A54 -> CL_MD2012-16 | O2: ='Indiv. Surfactant Key'!A49 -> CL_MD2062-121 | P2: ='Indiv. Surfactant Key'!A50 -> CL_MD2062-124 | Q2: ='Indiv. Surfactant Key'!A58 -> CL_MD2062-148 | R2: ='Indiv. Surfactant Key'!A57 -> CL_MD2062-57 | S2: ='Indiv. Surfactant Key'!A53 -> CL_MD2086-97 | T2: ='Indiv. Surfactant Key'!A59 -> CL_MD2102-54 | U2: ='Indiv. Surfactant Key'!A69 -> CL_MD2102-90 | V2: ='Indiv. Surfactant Key'!A70 -> CL_MD2102-112 | W2: ='Indiv. Surfactant Key'!A71 -> CL_MD2102-118 | X2: ='Indiv. Surfactant Key'!A52 -> CL_MDAPS | Y2: ='Indiv. Surfactant Key'!A13 -> CTAB | Z2: ='Indiv. Surfactant Key'!A43 -> Cymal | AA2: ='Indiv. Surfactant Key'!A44 -> iC8G2 | AB2: ='Indiv. Surfactant Key'!A9 -> Mys | AC2: ='Indiv. Surfactant Key'!A55 -> NRL_CB-1-123 | AD2: ='Indiv. Surfactant Key'!A64 -> NRL_LBII43 | AE2: ='Indiv. Surfactant Key'!A18 -> NRL_N10358-106 | AF2: ='Indiv. Surfactant Key'!A17 -> NRL_N10358-107 | AG2: ='Indiv. Surfactant Key'!A19 -> NRL_N10358-135 | AH2: ='Indiv. Surfactant Key'!A25 -> NRL_N10358-161 | AI2: ='Indiv. Surfactant Key'!A22 -> NRL_N10358-174 | AJ2: ='Indiv. Surfactant Key'!A66 -> NRL_N10478-227 | AK2: ='Indiv. Surfactant Key'!A67 -> NRL_N10478-233 | AL2: ='Indiv. Surfactant Key'!A68 -> NRL_N10478-240 | AM2: ='Indiv. Surfactant Key'!A36 -> T15-S-12 | AN2: ='Indiv. Surfactant Key'!A4 -> T15-S-7 | AO2: ='Indiv. Surfactant Key'!A35 -> T15-S-9 | AP2: ='Indiv. Surfactant Key'!A3 -> TMN6 | AQ2: ='Indiv. Surfactant Key'!A12 -> TrX100 | AR2: ='Indiv. Surfactant Key'!A6 -> TrX114 | AS2: ='Indiv. Surfactant Key'!A5 -> TrX45 | AT2: ='Indiv. Surfactant Key'!A51 -> TrGR-5M | AU2: ='Indiv. Surfactant Key'!A7 -> T4 | AV2: ='Indiv. Surfactant Key'!A16 -> PFOA | AW2: ='Indiv. Surfactant Key'!A11 -> SDS | AX2: ='Indiv. Surfactant Key'!A30 -> Gel6185 | AY2: ='Indiv. Surfactant Key'!A34 -> Gel6492.6 | AZ2: ='Indiv. Surfactant Key'!A31 -> G215 | BA2: ='Indiv. Surfactant Key'!A32 -> G225 | BB2: ='Indiv. Surfactant Key'!A33 -> G600 | BC2: ='Indiv. Surfactant Key'!A15 -> L77 | BD2: ='Indiv. Surfactant Key'!A20 -> NRL_N10477-12 | BE2: ='Indiv. Surfactant Key'!A21 -> NRL_N10358-176 | BF2: ='Indiv. Surfactant Key'!A23 -> NRL_N10358-169 | BG2: ='Indiv. Surfactant Key'!A24 -> NRL_N10477-01 | BH2: ='Indiv. Surfactant Key'!A26 -> NRL_N10477-09 | BI2: ='Indiv. Surfactant Key'!A27 -> NRL_N10477-07 | BJ2: ='Indiv. Surfactant Key'!A28 -> NRL_N10477-03 | BK2: ='Indiv. Surfactant Key'!A29 -> NRL_N10477-05 | BL2: ='Indiv. Surfactant Key'!A56 -> NRL_N10477-189 | BM2: ='Indiv. Surfactant Key'!A60 -> NRL_N10478-198 | BN2: ='Indiv. Surfactant Key'!A61 -> C10G3 | BO2: ='Indiv. Surfactant Key'!A63 -> NRL_N10478-40 | BP2: ='Indiv. Surfactant Key'!A65 -> NRL_CB_DTBTS_SB | BQ2: ='Indiv. Surfactant Key'!A72 -> NRL_CB-1-192 | BR2: ='Indiv. Surfactant Key'!A10 -> D502W | BS2: ='Indiv. Surfactant Key'!A73 -> NRL_N10478-81 | BT2: DGBE
A3: CC(C)CC(C)OC(=O)CC(C(=O)OC(C)CC(C)C)S(=O)(=O)[O-].[Na+] | B3: CCCCCCCCCCO[C@H]1[C@@H]([C@H]([C@@H]([C@H](O1)CO)O[C@@H]2[C@@H]([C@H]([C@@H]([C@H](O2)CO)O)O)O)O)O | C3: CCCCCCCCCCCCO[C@H]1[C@@H]([C@H]([C@@H]([C@H](O1)CO)O[C@@H]2[C@@H]([C@H]([C@@H]([C@H](O2)CO)O)O)O)O)O | D3: CCCCCCCCCCCCO[C@@H]3O[C@H](CO)C(O[C@H]2O[C@H](CO)C(O[C@H]1O[C@H](CO)[C@@H](O)[C@H](O)[C@H]1O)[C@H](O)[C@H]2O)[C@H](O)[C@H]3O | E3: CCCCCCO[C@H]1[C@@H]([C@H]([C@@H]([C@H](O1)CO)O)O)O | F3: CCCCCCO[C@@H]1O[C@H](CO)[C@H](O[C@H]2O[C@H](CO)[C@@H](O)[C@H](O)[C@H]2O)[C@H](O)[C@H]1O | G3: CCCCCCCO[C@H]1[C@@H]([C@H]([C@@H]([C@H](O1)CO)O)O)O | H3: CCCCCCCCO[C@@H]1O[C@H](CO)[C@@H](O)[C@H](O)[C@H]1O | I3: CCCCCCCCO[C@H]1[C@@H]([C@H]([C@@H]([C@H](O1)CO)O[C@@H]2[C@@H]([C@H]([C@@H]([C@H](O2)CO)O)O)O)O)O | J3: CCCCCCCCS[C@@H]1O[C@H](CO)[C@@H](O[C@H]2O[C@H](CO)[C@@H](O)[C@H](O)[C@H]2O)[C@H](O)[C@H]1O | K3: CCCCCCCCCO[C@@H]1O[C@H](CO)[C@@H](O[C@H]2O[C@H](CO)[C@@H](O)[C@H](O)[C@H]2O)[C@H](O)[C@H]1O | L3: C[N+](C)(CCN[S](=O)(=O)CCC(F)(F)C(F)(F)C(F)(F)C(F)(F)C(F)(F)C(F)(F)F)CC([O-])=O | M3: CCCCCCCCO[C@@H]3O[C@H](CO)C(O[C@H]2O[C@H](CO)C(O[C@H]1O[C@H](CO)[C@@H](O)[C@H](O)[C@H]1O)[C@H](O)[C@H]2O)[C@H](O)[C@H]3O | N3: C[N+](C)(CCC[Si](C)(O[Si](C)(C)C)O[Si](C)(C)C)CCCS(=O)(=O)[O-] | O3: C[Si](C)(C)O[Si](C)(CCCNC([C@@H](O)[C@H](O)[C@@H](O)[C@@H](O)CO)=O)O[Si](C)(C)C | P3: C[Si](C)(C)O[Si](O[Si](C)(C)C)(CCC[N+](C)(CCCS(=O)([O-])=O)C)O[Si](C)(C)C | Q3: C[Si](C)(C)O[Si](CCC[n+]1ccccc1)(O[Si](C)(C)C)O[Si](C)(C)C.[Cl-] | R3: C[N+](C)(C)CCC[Si](O[Si](C)(C)C)(O[Si](C)(C)C)O[Si](C)(C)C.[I-] | S3: C[Si](C)(C)O[Si](O[Si](C)(C)C)(CCCNCCNC(C(O)C(O)C(O)C(O)CO)=O)O[Si](C)(C)C | T3: C[Si](C)(C)O[Si](C)(CCCOC2OC(CO)C(OC1OC(CO)C(O)C(O)C1O)C(O)C2O)O[Si](C)(C)C | U3: [O-]S(CCC[N+](C)(C)CCC[Si](C)(C)C[Si](C)(C)C)(=O)=O | V3: C[Si](C)(C)O[Si](O[Si](C)(C)C)(O[Si](C)(C)C)CCCOC1C(O)C(O)C(OC2C(O)C(O)C(O)C(CO)O2)C(CO)O1 | W3: C[Si](C)(C)O[Si](O[Si](C)(C)C)(O[Si](C)(C)C)CCCNC(C(O)C(O)C(OC1C(O)C(O)C(O)C(CO)O1)C(O)CO)=O | X3: C[Si](C)(C)O[Si](C)(CCCN)O[Si](C)(C)C | Y3: CCCCCCCCCCCCCCCC[N+](C)(C)C.[Br-] | Z3: OC[C@H]1O[C@H](O[C@H]2[C@H](O)[C@@H](O)[C@H](OCCCCCC3CCCCC3)O[C@@H]2CO)[C@H](O)[C@@H](O)[C@@H]1O | AA3: CCCC(CCC)CO[C@H]1[C@@H]([C@H]([C@@H]([C@H](O1)CO)O[C@@H]2[C@@H]([C@H]([C@@H]([C@H](O2)CO)O)O)O)O)O | AB3: CCCCCCCCCCCCCC[N+](C)(C)CCCS([O-])(=O)=O | AC3: C[N+](C)(CCCCS(=O)(=O)[O-])CCC[Si](C)(O[Si](C)(C)C)O[Si](C)(C)C | AD3: COCCOCCOCCOCCOCCOCCOCCOCCOCCOCCC[Si](C)(O[Si](C)(C)C)O[Si](C)(C)C | AE3: C[Si](O[Si](C)(C)C)(CCCOCCO)O[Si](C)(C)C | AF3: C[Si](O[Si](C)(C)C)(CCCO)O[Si](C)(C)C | AG3: C[Si](O[Si](C)(C)C)(CCCOCCOCCOCCO[H])O[Si](C)(C)C | AH3: C[Si](O[Si](C)(C)C)(CCCOCCOCCO[H])O[Si](C)(C)C | AI3: C[Si](O[Si](C)(C)C)(CCCOCCOCCOCCOCCOCCOCCOCCOCCOCCOCCOCCOCCO[H])O[Si](C)(C)C | AJ3: C[Si](C)(C)O[Si](O[Si](C)(C)C)(C)CCCOCC(O)CNC(CO)(CO)CO | AK3: C[Si](C)(C)O[Si](O[Si](C)(C)C)(C)CCCOCC(O)CN(CCO)CCO | AL3: C[Si](C)(C)O[Si](O[Si](C)(C)C)(C)CCCNC(C(O)C(O)C(O)C(O)CO)=O | AM3: CCCCCCCC(CCCCC)OCCOCCOCCOCCOCCOCCOCCOCCOCCOCCOCCOCCO | AN3: CCCCCCCC(CCCCC)OCCOCCOCCOCCOCCOCCOCCO | AO3: CCCCCCCC(CCCCC)OCCOCCOCCOCCOCCOCCOCCOCCOCCO | AP3: CC(C)CC(C)CC(CC(C)C)OCCOCCOCCOCCOCCOCCO | AQ3: CC(C)(C)CC(C)(C)C1=CC=C(C=C1)OCCOCCOCCOCCOCCOCCOCCOCCOCCO | AR3: CC(C)(C)CC(C)(C)C1=CC=C(C=C1)OCCOCCOCCOCCOCCOCCOCCO | AS3: CC(C)(C)CC(C)(C)C1=CC=C(C=C1)OCCOCCOCCOCCOCCO | AT3: [Na+].CCCCC(CC)COC(=O)CC(C(=O)OCC(CC)CCCC)S(=O)(=O)[O-] | AU3: [Na+].CCCCC(CC)CCC(CC(C)C)OS([O-])(=O)=O | AV3: FC(F)(C(F)(F)C(=O)O)C(F)(F)C(F)(F)C(F)(F)C(F)(F)C(F)(F)F | AW3: CCCCCCCCCCCCOS(=O)([O-])=O.[Na+] | AX3: C[Si](C)(C)O[Si](C)(CCCOCCOCCOCCOCCOCCOCCO)O[Si](C)(C)C | AY3: COCCOCCOCCOCCOCCOCCOCCC[Si](C)(O[Si](C)(C)C)O[Si](C)(C)C | AZ3: CCCCCCCCO[C@@H]1O[C@H](CO)[C@@H](O)[C@H](O)[C@H]1O | BA3: CCCCCCCCO[C@@H]1O[C@H](CO)[C@@H](O)[C@H](O)[C@H]1O | BB3: CCCCCCCCCOC1C(C(C(C(O1)CO)O)O)O | BC3: COCCOCCOCCOCCOCCC[Si](C)(O[Si](C)(C)C)O[Si](C)(C)C | BD3: C[Si](O[Si](C)(C)C)(CCCOCCOCCOCCOCCO[H])O[Si](C)(C)C | BE3: C[Si](O[Si](C)(C)C)(CCCOCCOCCOCCOCCOCCOCCOCCOCCOCCO[H])O[Si](C)(C)C | BF3: C[Si](O[Si](C)(C)C)(CCCOCCOCCOCCOCCOCCOCCOCCOCCOCCOCCOCCOCCOCCOCCOCCOCCOCCOCCOCCOCCOCCOCCOCCOCCOCCOCCOCCOCCOCCOCCOCCOCCOCCOCCOCCO[H])O[Si](C)(C)C | BG3: C[Si](O[Si](C)(C)C)(CCCOCCOCCOCCOCCOCCOCCOCCOCCOCCOCCOCCOCCO[H])O[Si](C)(C)C | BH3: [H]OCCOCCOCCOCCOCCOCCOCCOCCOCCOCCOCCOCCC[Si]([Si](C)(C)C)([Si](C)(C)C)[Si](C)(C)C | BI3: C[Si](O[Si](C)(C)C)(CCCOCCOCCOCCOCCOCCOCCOCCOCCO[H])O[Si](C)(C)C | BJ3: C[Si](O[Si](C)(C)C)(CCCOCCOCCOCCOCCOCCOCCOCCOCCO[H])O[Si](C)(C)C | BK3: C[Si](O[Si](C)(C)C)(CCCOCCOCCOCCOCCOCCOCCOCCOCCOCCOCCOCCOCCOCCOCCOCCO[H])O[Si](C)(C)C | BL3: C[N+](C)(CCCS(=O)([O-])=O)CCC[Si]([Si](C)(C)C)([Si](C)(C)C)[Si](C)(C)C | BM3: C[Si](C)(C)O[Si](O[Si](C)(C)C)(CCC[N+](C)(CCCS(=O)([O-])=O)C)O[Si](C)(C)C | BN3: CCCCCCCCCCO[C@@H]3O[C@H](CO)C(O[C@H]2O[C@H](CO)C(O[C@H]1O[C@H](CO)[C@@H](O)[C@H](O)[C@H]1O)[C@H](O)[C@H]2O)[C@H](O)[C@H]3O | BO3: C[N+](C)(CCC[Si](C)(O[Si](C)(C)C)O[Si](C)(C)C)CCCS(=O)(=O)[O-] | BP3: C[Si](C[Si](C)(C)C(C)(C)C)(CCC[N+](C)(C)CCCS([O-])(=O)=O)C[Si](C)(C(C)(C)C)C | BQ3: C[Si](O[Si](C)(CCl)C)(CCCOCCOCCOCCOCCOCCOCCOCCOCCOCCOCCOC)O[Si](C)(CCl)C | BR3: C[Si](C)(C)O[Si](C)(CCCOCCOCCOCCOCCOCCOCCOCCOCCOCCOCCOCCOCCOCCOCCOCCO)O[Si](C)(C)C | BS3: C[N+](C)(CCC[Si]1(C)O[Si](C)(C)O[Si](C)(C)O[Si](C)(C)O1)CCCS(=O)(=O)[O-] | BT3: CCCCOCCOCCO
AD4: COCCOCCOCCOCCOCCOCCOCCOCCOCCOCCOCCC[Si](C)(O[Si](C)(C)C)O[Si](C)(C)C | AI4: C[Si](O[Si](C)(C)C)(CCCOCCOCCOCCOCCOCCOCCOCCOCCOCCOCCOCCOCCOCCO[H])O[Si](C)(C)C | AM4: CCCCCCCCC(CCCCCC)OCCOCCOCCOCCOCCOCCOCCOCCOCCOCCOCCOCCO | AN4: CCCCCCCCC(CCCCCC)OCCOCCOCCOCCOCCOCCOCCO | AO4: CCCCCCCCC(CCCCCC)OCCOCCOCCOCCOCCOCCOCCOCCOCCO | AQ4: CC(C)(C)CC(C)(C)C1=CC=C(C=C1)OCCOCCOCCOCCOCCOCCOCCOCCOCCOCCO | AR4: CC(C)(C)CC(C)(C)C1=CC=C(C=C1)OCCOCCOCCOCCOCCOCCOCCOCCO | AS4: CC(C)(C)CC(C)(C)C1=CC=C(C=C1)OCCOCCOCCOCCO | AX4: C[Si](C)(C)O[Si](C)(CCCOCCOCCOCCOCCOCCOCCOCCO)O[Si](C)(C)C | AY4: COCCOCCOCCOCCOCCOCCOCCOCCC[Si](C)(O[Si](C)(C)C)O[Si](C)(C)C | AZ4: OC[C@H]1O[C@@H](OCCCCCCCCC)[C@H](O)[C@@H](O)[C@@H]1O | BA4: OC[C@H]1O[C@@H](OCCCCCCCCC)[C@H](O)[C@@H](O)[C@@H]1O | BB4: CCCCCCCCCCOC1C(C(C(C(O1)CO)O)O)O | BC4: COCCOCCOCCOCCOCCOCCC[Si](C)(O[Si](C)(C)C)O[Si](C)(C)C | BD4: C[Si](O[Si](C)(C)C)(CCCOCCOCCOCCOCCOCCO[H])O[Si](C)(C)C | BE4: C[Si](O[Si](C)(C)C)(CCCOCCOCCOCCOCCOCCOCCOCCOCCOCCOCCO[H])O[Si](C)(C)C | BF4: C[Si](O[Si](C)(C)C)(CCCOCCOCCOCCOCCOCCOCCOCCOCCOCCOCCOCCOCCOCCOCCOCCOCCOCCOCCOCCOCCOCCOCCOCCOCCOCCOCCOCCOCCOCCOCCOCCOCCOCCOCCOCCOCCO[H])O[Si](C)(C)C | BH4: [H]OCCOCCOCCOCCOCCOCCOCCOCCOCCOCCOCCOCCOCCC[Si]([Si](C)(C)C)([Si](C)(C)C)[Si](C)(C)C | BJ4: C[Si](O[Si](C)(C)C)(CCCOCCOCCOCCOCCOCCOCCOCCOCCOCCO[H])O[Si](C)(C)C | BK4: C[Si](O[Si](C)(C)C)(CCCOCCOCCOCCOCCOCCOCCOCCOCCOCCOCCOCCOCCOCCOCCOCCOCCO[H])O[Si](C)(C)C | BQ4: C[Si](O[Si](C)(CCl)C)(CCCOCCOCCOCCOCCOCCOCCOCCOCCOCCOCCOCCOC)O[Si](C)(CCl)C | BR4: C[Si](C)(C)O[Si](C)(CCCOCCOCCOCCOCCOCCOCCOCCOCCOCCOCCOCCOCCOCCOCCO)O[Si](C)(C)C
AD5: COCCOCCOCCOCCOCCOCCOCCOCCOCCOCCOCCOCCC[Si](C)(O[Si](C)(C)C)O[Si](C)(C)C | AI5: C[Si](O[Si](C)(C)C)(CCCOCCOCCOCCOCCOCCOCCOCCOCCOCCOCCOCCOCCOCCOCCO[H])O[Si](C)(C)C | AX5: C[Si](C)(C)O[Si](C)(CCCOCCOCCOCCOCCOCCOCCOCCOCCO)O[Si](C)(C)C | AY5: COCCOCCOCCOCCOCCOCCOCCOCCOCCC[Si](C)(O[Si](C)(C)C)O[Si](C)(C)C | AZ5: CCCCCCCCCCOC1[C@@H]([C@H]([C@@H]([C@H](O1)CO)O)O)O | BA5: CCCCCCCCCCOC1[C@@H]([C@H]([C@@H]([C@H](O1)CO)O)O)O | BB5: CCCCCCCCCCCOC1C(C(C(C(O1)CO)O)O)O | BC5: COCCOCCOCCOCCOCCOCCOCCC[Si](C)(O[Si](C)(C)C)O[Si](C)(C)C | BD5: C[Si](O[Si](C)(C)C)(CCCOCCOCCOCCOCCOCCOCCO[H])O[Si](C)(C)C | BE5: C[Si](O[Si](C)(C)C)(CCCOCCOCCOCCOCCOCCOCCOCCOCCOCCOCCOCCO[H])O[Si](C)(C)C | BF5: C[Si](O[Si](C)(C)C)(CCCOCCOCCOCCOCCOCCOCCOCCOCCOCCOCCOCCOCCOCCOCCOCCOCCOCCOCCOCCOCCOCCOCCOCCOCCOCCOCCOCCOCCOCCOCCOCCOCCOCCOCCOCCOCCOCCO[H])O[Si](C)(C)C | BQ5: C[Si](O[Si](C)(CCl)C)(CCCOCCOCCOCCOCCOCCOCCOCCOCCOCCOCCOCCOCCOC)O[Si](C)(CCl)C | BR5: C[Si](C)(C)O[Si](C)(CCCOCCOCCOCCOCCOCCOCCOCCOCCOCCOCCOCCOCCOCCO)O[Si](C)(C)C
AD6: COCCOCCOCCOCCOCCOCCOCCOCCOCCOCCOCCOCCOCCC[Si](C)(O[Si](C)(C)C)O[Si](C)(C)C | AI6: C[Si](O[Si](C)(C)C)(CCCOCCOCCOCCOCCOCCOCCOCCOCCOCCOCCOCCOCCOCCOCCOCCO[H])O[Si](C)(C)C | AX6: C[Si](C)(C)O[Si](C)(CCCOCCOCCOCCOCCOCCOCCOCCOCCOCCO)O[Si](C)(C)C | AY6: COCCOCCOCCOCCOCCOCCOCCOCCOCCOCCC[Si](C)(O[Si](C)(C)C)O[Si](C)(C)C | AZ6: CCCCCCCCO[C@H]1[C@@H]([C@H]([C@@H]([C@H](O1)CO)O[C@@H]2[C@@H]([C@H]([C@@H]([C@H](O2)CO)O)O)O)O)O | BA6: CCCCCCCCO[C@H]1[C@@H]([C@H]([C@@H]([C@H](O1)CO)O[C@@H]2[C@@H]([C@H]([C@@H]([C@H](O2)CO)O)O)O)O)O | BB6: CCCCCCCCCCCCOC1C(C(C(C(O1)CO)O)O)O | BC6: COCCOCCOCCOCCOCCOCCOCCOCCC[Si](C)(O[Si](C)(C)C)O[Si](C)(C)C | BD6: C[Si](O[Si](C)(C)C)(CCCOCCOCCOCCOCCOCCOCCOCCO[H])O[Si](C)(C)C | BE6: C[Si](O[Si](C)(C)C)(CCCOCCOCCOCCOCCOCCOCCOCCOCCOCCOCCOCCOCCO[H])O[Si](C)(C)C | BF6: C[Si](O[Si](C)(C)C)(CCCOCCOCCOCCOCCOCCOCCOCCOCCOCCOCCOCCOCCOCCOCCOCCOCCOCCOCCOCCOCCOCCOCCOCCOCCOCCOCCOCCOCCOCCOCCOCCOCCOCCOCCOCCOCCOCCOCCO[H])O[Si](C)(C)C | BQ6: C[Si](O[Si](C)(CCl)C)(CCCOCCOCCOCCOCCOCCOCCOCCOCCOCCOCCOCCOCCOCCOC)O[Si](C)(CCl)C | BR6: C[Si](C)(C)O[Si](C)(CCCOCCOCCOCCOCCOCCOCCOCCOCCOCCOCCOCCOCCO)O[Si](C)(C)C
AD7: COCCOCCOCCOCCOCCOCCOCCOCCOCCOCCOCCOCCOCCOCCC[Si](C)(O[Si](C)(C)C)O[Si](C)(C)C | AI7: C[Si](O[Si](C)(C)C)(CCCOCCOCCOCCOCCOCCOCCOCCOCCOCCOCCOCCOCCOCCOCCOCCOCCO[H])O[Si](C)(C)C | AZ7: CCCCCCCCCO[C@@H]1O[C@H](CO)[C@@H](O[C@H]2O[C@H](CO)[C@@H](O)[C@H](O)[C@H]2O)[C@H](O)[C@H]1O | BA7: CCCCCCCCCO[C@@H]1O[C@H](CO)[C@@H](O[C@H]2O[C@H](CO)[C@@H](O)[C@H](O)[C@H]2O)[C@H](O)[C@H]1O | BB7: CCCCCCCCCCCCCOC1C(C(C(C(O1)CO)O)O)O | BC7: COCCOCCOCCOCCOCCOCCOCCOCCOCCC[Si](C)(O[Si](C)(C)C)O[Si](C)(C)C | BF7: C[Si](O[Si](C)(C)C)(CCCOCCOCCOCCOCCOCCOCCOCCOCCOCCOCCOCCOCCOCCOCCOCCOCCOCCOCCOCCOCCOCCOCCOCCOCCOCCOCCOCCOCCOCCOCCOCCOCCOCCOCCOCCOCCOCCOCCOCCO[H])O[Si](C)(C)C | BQ7: C[Si](O[Si](C)(CCl)C)(CCCOCCOCCOCCOCCOCCOCCOCCOCCOCCOCCOCCOCCOCCOCCOC)O[Si](C)(CCl)C | BR7: C[Si](C)(C)O[Si](C)(CCCOCCOCCOCCOCCOCCOCCOCCOCCOCCOCCOCCO)O[Si](C)(C)C
AD8: COCCOCCOCCOCCOCCOCCOCCOCCOCCOCCOCCOCCOCCOCCOCCC[Si](C)(O[Si](C)(C)C)O[Si](C)(C)C | AI8: C[Si](O[Si](C)(C)C)(CCCOCCOCCOCCOCCOCCOCCOCCOCCOCCOCCOCCOCCOCCOCCOCCOCCOCCO[H])O[Si](C)(C)C | AZ8: CCCCCCCCCCO[C@H]1[C@@H]([C@H]([C@@H]([C@H](O1)CO)O[C@@H]2[C@@H]([C@H]([C@@H]([C@H](O2)CO)O)O)O)O)O | BA8: CCCCCCCCCCO[C@H]1[C@@H]([C@H]([C@@H]([C@H](O1)CO)O[C@@H]2[C@@H]([C@H]([C@@H]([C@H](O2)CO)O)O)O)O)O | BB8: CCCCCCCCCCCCCCOC1C(C(C(C(O1)CO)O)O)O | BC8: COCCOCCOCCOCCOCCOCCOCCOCCOCCOCCC[Si](C)(O[Si](C)(C)C)O[Si](C)(C)C | BF8: C[Si](O[Si](C)(C)C)(CCCOCCOCCOCCOCCOCCOCCOCCOCCOCCOCCOCCOCCOCCOCCOCCOCCOCCOCCOCCOCCOCCOCCOCCOCCOCCOCCOCCOCCOCCOCCOCCOCCOCCOCCOCCOCCOCCOCCOCCOCCO[H])O[Si](C)(C)C | BQ8: C[Si](O[Si](C)(CCl)C)(CCCOCCOCCOCCOCCOCCOCCOCCOCCOCCOCCOCCOCCOCCOCCOCCOC)O[Si](C)(CCl)C | BR8: C[Si](C)(C)O[Si](C)(CCCOCCOCCOCCOCCOCCOCCOCCOCCOCCOCCO)O[Si](C)(C)C
AI9: C[Si](O[Si](C)(C)C)(CCCOCCOCCOCCOCCOCCOCCOCCOCCOCCOCCOCCOCCOCCOCCOCCOCCOCCOCCO[H])O[Si](C)(C)C | BB9: CCCCCCCCCCCCCCCOC1C(C(C(C(O1)CO)O)O)O | BC9: COCCOCCOCCOCCOCCOCCOCCOCCOCCOCCOCCC[Si](C)(O[Si](C)(C)C)O[Si](C)(C)C | BF9: C[Si](O[Si](C)(C)C)(CCCOCCOCCOCCOCCOCCOCCOCCOCCOCCOCCOCCOCCOCCOCCOCCOCCOCCOCCOCCOCCOCCOCCOCCOCCOCCOCCOCCOCCOCCOCCOCCOCCOCCOCCOCCOCCOCCOCCOCCOCCOCCO[H])O[Si](C)(C)C | BR9: C[Si](C)(C)O[Si](C)(CCCOCCOCCOCCOCCOCCOCCOCCOCCOCCO)O[Si](C)(C)C
AI10: C[Si](O[Si](C)(C)C)(CCCOCCOCCOCCOCCOCCOCCOCCOCCOCCOCCOCCOCCOCCOCCOCCOCCOCCOCCOCCO[H])O[Si](C)(C)C | BB10: CCCCCCCCCO[C@H]1[C@@H]([C@H]([C@@H]([C@H](O1)CO)O[C@@H]2[C@@H]([C@H]([C@@H]([C@H](O2)CO)O)O)O)O)O | BC10: COCCOCCOCCOCCOCCOCCOCCOCCOCCOCCOCCOCCC[Si](C)(O[Si](C)(C)C)O[Si](C)(C)C | BF10: C[Si](O[Si](C)(C)C)(CCCOCCOCCOCCOCCOCCOCCOCCOCCOCCOCCOCCOCCOCCOCCOCCOCCOCCOCCOCCOCCOCCOCCOCCOCCOCCOCCOCCOCCOCCOCCOCCOCCOCCOCCOCCOCCOCCOCCOCCOCCOCCOCCO[H])O[Si](C)(C)C
BB11: CCCCCCCCCCO[C@H]1[C@@H]([C@H]([C@@H]([C@H](O1)CO)O[C@@H]2[C@@H]([C@H]([C@@H]([C@H](O2)CO)O)O)O)O)O | BC11: COCCOCCOCCOCCOCCOCCOCCOCCOCCOCCOCCOCCOCCC[Si](C)(O[Si](C)(C)C)O[Si](C)(C)C | BF11: C[Si](O[Si](C)(C)C)(CCCOCCOCCOCCOCCOCCOCCOCCOCCOCCOCCOCCOCCOCCOCCOCCOCCOCCOCCOCCOCCOCCOCCOCCOCCOCCOCCOCCOCCOCCOCCOCCOCCOCCOCCOCCOCCOCCOCCOCCOCCOCCOCCOCCO[H])O[Si](C)(C)C
BB12: CCCCCCCCCCCO[C@H]1[C@@H]([C@H]([C@@H]([C@H](O1)CO)O[C@@H]2[C@@H]([C@H]([C@@H]([C@H](O2)CO)O)O)O)O)O | BF12: C[Si](O[Si](C)(C)C)(CCCOCCOCCOCCOCCOCCOCCOCCOCCOCCOCCOCCOCCOCCOCCOCCOCCOCCOCCOCCOCCOCCOCCOCCOCCOCCOCCOCCOCCOCCOCCOCCOCCOCCOCCOCCOCCOCCOCCOCCOCCOCCOCCOCCOCCO[H])O[Si](C)(C)C
BB13: CCCCCCCCCCCCO[C@H]1[C@@H]([C@H]([C@@H]([C@H](O1)CO)O[C@@H]2[C@@H]([C@H]([C@@H]([C@H](O2)CO)O)O)O)O)O | BF13: C[Si](O[Si](C)(C)C)(CCCOCCOCCOCCOCCOCCOCCOCCOCCOCCOCCOCCOCCOCCOCCOCCOCCOCCOCCOCCOCCOCCOCCOCCOCCOCCOCCOCCOCCOCCOCCOCCOCCOCCOCCOCCOCCOCCOCCOCCOCCOCCOCCOCCOCCOCCO[H])O[Si](C)(C)C
BB14: CCCCCCCCCCCCCO[C@H]1[C@@H]([C@H]([C@@H]([C@H](O1)CO)O[C@@H]2[C@@H]([C@H]([C@@H]([C@H](O2)CO)O)O)O)O)O | BF14: C[Si](O[Si](C)(C)C)(CCCOCCOCCOCCOCCOCCOCCOCCOCCOCCOCCOCCOCCOCCOCCOCCOCCOCCOCCOCCOCCOCCOCCOCCOCCOCCOCCOCCOCCOCCOCCOCCOCCOCCOCCOCCOCCOCCOCCOCCOCCOCCOCCOCCOCCOCCOCCO[H])O[Si](C)(C)C
BB15: CCCCCCCCCCCCCCO[C@H]1[C@@H]([C@H]([C@@H]([C@H](O1)CO)O[C@@H]2[C@@H]([C@H]([C@@H]([C@H](O2)CO)O)O)O)O)O | BF15: C[Si](O[Si](C)(C)C)(CCCOCCOCCOCCOCCOCCOCCOCCOCCOCCOCCOCCOCCOCCOCCOCCOCCOCCOCCOCCOCCOCCOCCOCCOCCOCCOCCOCCOCCOCCOCCOCCOCCOCCOCCOCCOCCOCCOCCOCCOCCOCCOCCOCCOCCOCCOCCOCCO[H])O[Si](C)(C)C
BB16: CCCCCCCCCCCCCCCO[C@H]1[C@@H]([C@H]([C@@H]([C@H](O1)CO)O[C@@H]2[C@@H]([C@H]([C@@H]([C@H](O2)CO)O)O)O)O)O | BF16: C[Si](O[Si](C)(C)C)(CCCOCCOCCOCCOCCOCCOCCOCCOCCOCCOCCOCCOCCOCCOCCOCCOCCOCCOCCOCCOCCOCCOCCOCCOCCOCCOCCOCCOCCOCCOCCOCCOCCOCCOCCOCCOCCOCCOCCOCCOCCOCCOCCOCCOCCOCCOCCOCCOCCO[H])O[Si](C)(C)C
BF17: C[Si](O[Si](C)(C)C)(CCCOCCOCCOCCOCCOCCOCCOCCOCCOCCOCCOCCOCCOCCOCCOCCOCCOCCOCCOCCOCCOCCOCCOCCOCCOCCOCCOCCOCCOCCOCCOCCOCCOCCOCCOCCOCCOCCOCCOCCOCCOCCOCCOCCOCCOCCOCCOCCOCCOCCO[H])O[Si](C)(C)C
BF18: C[Si](O[Si](C)(C)C)(CCCOCCOCCOCCOCCOCCOCCOCCOCCOCCOCCOCCOCCOCCOCCOCCOCCOCCOCCOCCOCCOCCOCCOCCOCCOCCOCCOCCOCCOCCOCCOCCOCCOCCOCCOCCOCCOCCOCCOCCOCCOCCOCCOCCOCCOCCOCCOCCOCCOCCOCCO[H])O[Si](C)(C)C

Sheet Formulation Names Mix CMC Data
A1: Key for CMC - CMC is measured over a range of concentrations, so labels refer to individual surfactants or formulations, do not include specific concentrations
A2: *For CMC data, numbers after nomenclature refer to ratio, not concentrations at which the mixtures were made, all mixtures made with 35 uL DGBE added to initial vial
C3: Detailed description example:
A4: ='Indiv. Surfactant Key'!A3&"_G215_3_2" -> TMN6_G215_3_2 | C4: 3:2 by weight mixture Tergitol TMN6 and Glucopon 215UP
A5: ='Indiv. Surfactant Key'!A4&"_G215_3_2" -> T15-S-7_G215_3_2
A6: ='Individual Surfactant Key'!A5&"_G215_3_2" -> TrX45_G215_3_2
A7: ='Indiv. Surfactant Key'!A6&"_G215_3_2" -> TrX114_G215_3_2
A8: ='Indiv. Surfactant Key'!A74&"_G215_3_2" -> LinSucSulf_G215_3_2
A9: ='Indiv. Surfactant Key'!A7&"_G215_3_2" -> T4_G215_3_2
A10: ='Indiv. Surfactant Key'!A75&"_G215_3_2" -> TrCG-425_G215_3_2
A11: ='Indiv. Surfactant Key'!A8&"_G215_3_2" -> AlfSodSalt_G215_3_2
A12: ='Indiv. Surfactant Key'!A76&"_G215_3_2" -> AlphaFoam_G215_3_2
A13: ='Indiv. Surfactant Key'!A9&"_G215_3_2" -> Mys_G215_3_2
A14: ='Indiv. Surfactant Key'!A77&"_G215_3_2" -> D5575_G215_3_2
A15: ='Indiv. Surfactant Key'!A78&"_G215_3_2" -> D5244_G215_3_2
A16: ='Indiv. Surfactant Key'!A79&"_G215_3_2" -> D193_G215_3_2
A17: ='Indiv. Surfactant Key'!A80&"_G215_3_2" -> D501W_G215_3_2
A18: ='Indiv. Surfactant Key'!A81&"_G215_3_2" -> D198_G215_3_2
A19: ='Indiv. Surfactant Key'!A82&"_G215_3_2" -> D5604_G215_3_2
A20: ='Indiv. Surfactant Key'!A10&"_G215_3_2" -> D502W_G215_3_2
A21: ='Indiv. Surfactant Key'!A83&"_G215_3_2" -> D5098_G215_3_2
A22: ='Indiv. Surfactant Key'!A11&"_G215_3_2" -> SDS_G215_3_2
A23: ='Indiv. Surfactant Key'!A12&"_G215_3_2" -> TrX100_G215_3_2
A24: ='Indiv. Surfactant Key'!A84&"_G215_3_2" -> Silphos_G215_3_2
A25: ='Indiv. Surfactant Key'!A15&"_G215_3_2" -> L77_G215_3_2
A26: ='Indiv. Surfactant Key'!A10&"_TrX100_3_2" -> D502W_TrX100_3_2
A27: ='Indiv. Surfactant Key'!A86&"_G215_3_2" -> D67_G215_3_2
A28: ='Indiv. Surfactant Key'!A10&"_G215_2_3" -> D502W_G215_2_3
A29: ='Indiv. Surfactant Key'!A10&"_G225_2_3" -> D502W_G225_2_3
A30: ='Indiv. Surfactant Key'!A10&"_G600_2_3" -> D502W_G600_2_3
A31: ='Indiv. Surfactant Key'!A34&"_G215_3_2" -> Gel6492.6_G215_3_2
A32: ='Indiv. Surfactant Key'!A35&"_G215_3_2" -> T15-S-9_G215_3_2
A33: ='Indiv. Surfactant Key'!A36&"_G215_3_2" -> T15-S-12_G215_3_2
A34: ='Indiv. Surfactant Key'!A15&"_G225_2_3" -> L77_G225_2_3
A35: ='Indiv. Surfactant Key'!A86&"_G225_2_3" -> D67_G225_2_3
A36: ='Indiv. Surfactant Key'!A10&"_"&'Indiv. Surfactant Key'!A45&"_1_1" -> D502W_C6G2_1_1
A37: ='Indiv. Surfactant Key'!A30&"_G215_3_2" -> Gel6185_G215_3_2
A38: ='Indiv. Surfactant Key'!A14&"_DGBE" -> Cap_DGBE | C38: Capstone Surfactant with 35 uL solvent DGBE in initial vial
A39: ='Indiv. Surfactant Key'!A32&"_DGBE" -> G225_DGBE | C39: Glucopon 225DK Surfactant with 35 uL solvent DGBE in initial vial
A40: ='Indiv. Surfactant Key'!A33&"_DGBE" -> G600_DGBE | C40: Glucopon 600 UP Surfactant with 35 uL solvent DGBE in initial vial
A41: ='Indiv. Surfactant Key'!A31&"_DGBE" -> G215_DGBE | C41: Glucopon 215 UP Surfactant with 35 uL solvent DGBE in initial vial
A42: ='Indiv. Surfactant Key'!A30&"_DGBE" -> Gel6185_DGBE | C42: Gelest SiH 6185 surfactant with 35 uL solvent DGBE in initial vial
A43: ='Indiv. Surfactant Key'!A53&"_G225_2_3" -> CL_MD2086-97_G225_2_3
A44: ='Indiv. Surfactant Key'!A54&"_G225_2_3" -> CL_MD2012-16_G225_2_3
A45: ='Indiv. Surfactant Key'!A55&"_G225_2_3" -> NRL_CB-1-123_G225_2_3
A46: ='Indiv. Surfactant Key'!A59&"_G225_2_3" -> CL_MD2102-54_G225_2_3
A47: ='Indiv. Surfactant Key'!A64&"_G225_2_3" -> NRL_LBII43_G225_2_3
A48: ='Indiv. Surfactant Key'!A65&"_G225_2_3" -> NRL_CB_DTBTS_SB_G225_2_3
A49: ='Indiv. Surfactant Key'!A67&"_G225_2_3" -> NRL_N10478-233_G225_2_3
A50: ='Indiv. Surfactant Key'!A14&"_"&'Indiv. Surfactant Key'!A12&"_3_2" -> Cap_TrX100_3_2
A51: ='Indiv. Surfactant Key'!A14&"_G225_3_2" -> Cap_G225_3_2
A52: ='Indiv. Surfactant Key'!A57&"_G225_2_3" -> CL_MD2062-57_G225_2_3
A53: ='Indiv. Surfactant Key'!A29&"_G225_2_3" -> NRL_N10477-05_G225_2_3
A54: ='Indiv. Surfactant Key'!A10&"_"&'Individual Surfactant Key'!A84&"_1_1" -> D502W_C7G1_1_1
A55: ='Individual Surfactant Key'!A19&"_"&'Indiv. Surfactant Key'!A48&"_1_1" -> D502W_C7G1_1_1
A56: ='Indiv. Surfactant Key'!A10&"_"&'Indiv. Surfactant Key'!A41&"_1_1" -> D502W_C8G1_1_1
A57: ='Indiv. Surfactant Key'!A10&"_"&'Indiv. Surfactant Key'!A46&"_1_1" -> D502W_C9G2_1_1
A58: ='Indiv. Surfactant Key'!A10&"_"&'Indiv. Surfactant Key'!A39&"_1_1" -> D502W_C10G2_1_1
A59: ='Indiv. Surfactant Key'!A10&"_"&'Indiv. Surfactant Key'!A40&"_1_1" -> D502W_C12G2_1_1
A60: ='Indiv. Surfactant Key'!A10&"_"&'Indiv. Surfactant Key'!A38&"_1_1" -> D502W_C8G2_1_1
A61: ='Indiv. Surfactant Key'!A10&"_"&'Indiv. Surfactant Key'!A44&"_1_1" -> D502W_iC8G2_1_1
A62: ='Indiv. Surfactant Key'!A10&"_"&'Indiv. Surfactant Key'!A43&"_1_1" -> D502W_Cymal_1_1
A63: ='Indiv. Surfactant Key'!A10&"_"&'Indiv. Surfactant Key'!A42&"_1_1" -> D502W_C8SG2_1_1
A64: ='Indiv. Surfactant Key'!A69&"_G225_2_3" -> CL_MD2102-90_G225_2_3
A65: ='Indiv. Surfactant Key'!A71&"_G225_2_3" -> CL_MD2102-118_G225_2_3
A66: ='Indiv. Surfactant Key'!A14&"_"&'Indiv. Surfactant Key'!A51&"_3_2" -> Cap_TrGR-5M_3_2
A67: ='Indiv. Surfactant Key'!A60&"_G225_1_5" -> NRL_N10478-198_G225_1_5
A68: ='Indiv. Surfactant Key'!A22&"_G225_2_3" -> NRL_N10358-174_G225_2_3
A69: ='Indiv. Surfactant Key'!A21&"_G225_2_3" -> NRL_N10358-176_G225_2_3
A70: ='Indiv. Surfactant Key'!A24&"_G225_2_3" -> NRL_N10477-01_G225_2_3
A71: ='Indiv. Surfactant Key'!A28&"_G225_2_3" -> NRL_N10477-03_G225_2_3
A72: ='Indiv. Surfactant Key'!A26&"_G225_2_3" -> NRL_N10477-09_G225_2_3
A73: ='Indiv. Surfactant Key'!A27&"_G225_2_3" -> NRL_N10477-07_G225_2_3
A74: ='Indiv. Surfactant Key'!A20&"_G225_2_3" -> NRL_N10477-12_G225_2_3
A75: ='Indiv. Surfactant Key'!A65&"_G225_1_15" -> NRL_CB_DTBTS_SB_G225_1_15
A76: ='Individual Surfactant Key'!A130&"_G225_2_3" -> CL_MD2102-112_G225_2_3
A77: ='Indiv. Surfactant Key'!A50&"_G225_1_4.6" -> CL_MD2062-124_G225_1_4.6
A78: ='Indiv. Surfactant Key'!A56&"_G225_1_6" -> NRL_N10477-189_G225_1_6
A79: ='Indiv. Surfactant Key'!A73&"_G225_1_2.6" -> NRL_N10478-81_G225_1_2.6
A80: ='Indiv. Surfactant Key'!A72&"_G225_2_3" -> NRL_CB-1-192_G225_2_3

Sheet Formulation Name Data
A1: Key for concentration specific data
A2: For this data, numbers after nomenclature refer to wt% of material in solution
A4: ='Indiv. Surfactant Key'!A14&"_"&'Indiv. Surfactant Key'!A12&"_DGBE_0.3_0.2_0.5" -> Cap_TrX100_DGBE_0.3_0.2_0.5
A5: ='Indiv. Surfactant Key'!A12&"_DGBE_0.5_0.5" -> TrX100_DGBE_0.5_0.5
A6: ='Indiv. Surfactant Key'!A14&"_DGBE_0.5_0.5" -> Cap_DGBE_0.5_0.5
A7: G215_DGBE_0.5_0.5
A8: ='Indiv. Surfactant Key'!A14&"_G215_DGBE_0.3_0.2_0.5" -> Cap_G215_DGBE_0.3_0.2_0.5
A9: ='Indiv. Surfactant Key'!A14&"_"&'Indiv. Surfactant Key'!A12&"_DGBE_0.15_0.05_0.5" -> Cap_TrX100_DGBE_0.15_0.05_0.5
A10: ='Indiv. Surfactant Key'!A87&"_3" -> Buckeye 3%_3
A11: ='Indiv. Surfactant Key'!A88&"_6" -> RF6_6
A12: ='Indiv. Surfactant Key'!A11&"_1" -> SDS_1
A13: ='Indiv. Surfactant Key'!A14&"_"&'Indiv. Surfactant Key'!A12&"_DGBE_0.6_0.2_0.5" -> Cap_TrX100_DGBE_0.6_0.2_0.5
A14: ='Indiv. Surfactant Key'!A14&"_"&'Indiv. Surfactant Key'!A12&"_DGBE_0.6_0.4_0.5" -> Cap_TrX100_DGBE_0.6_0.4_0.5
A15: ='Indiv. Surfactant Key'!A14&"_"&'Indiv. Surfactant Key'!A12&"_DGBE_1.2_0.8_0.5" -> Cap_TrX100_DGBE_1.2_0.8_0.5
A16: ='Indiv. Surfactant Key'!A14&"_"&'Indiv. Surfactant Key'!A12&"_DGBE_0.3_0.2_1" -> Cap_TrX100_DGBE_0.3_0.2_1
A17: ='Indiv. Surfactant Key'!A85&"_G215_DGBE_0.14_0.09_0.5" -> Silsurf_G215_DGBE_0.14_0.09_0.5
A18: ='Indiv. Surfactant Key'!A84&"_G215_DGBE_0.3_0.2_0.5" -> Silphos_G215_DGBE_0.3_0.2_0.5
A19: ='Indiv. Surfactant Key'!A3&"_G215_DGBE_0.3_0.2_0.5" -> TMN6_G215_DGBE_0.3_0.2_0.5
A20: ='Indiv. Surfactant Key'!A4&"_G215_DGBE_0.03_0.02_0.5" -> T15-S-7_G215_DGBE_0.03_0.02_0.5
A21: ='Indiv. Surfactant Key'!A5&"_G215_DGBE_0.022_0.015_0.5" -> TrX45_G215_DGBE_0.022_0.015_0.5
A22: ='Indiv. Surfactant Key'!A6&"_G215_DGBE_0.04_0.027_0.5" -> TrX114_G215_DGBE_0.04_0.027_0.5
A23: ='Indiv. Surfactant Key'!A74&"_G215_DGBE_0.24_0.16_0.5" -> LinSucSulf_G215_DGBE_0.24_0.16_0.5
A24: ='Indiv. Surfactant Key'!A7&"_G215_DGBE_0.56_0.37_0.5" -> T4_G215_DGBE_0.56_0.37_0.5
A25: ='Indiv. Surfactant Key'!A75&"_G215_DGBE_0.13_0.09_0.5" -> TrCG-425_G215_DGBE_0.13_0.09_0.5
A26: ='Indiv. Surfactant Key'!A8&"_G215_DGBE_0.56_0.37_0.5" -> AlfSodSalt_G215_DGBE_0.56_0.37_0.5
A27: ='Indiv. Surfactant Key'!A76&"_G215_DGBE_0.52_0.35_0.5" -> AlphaFoam_G215_DGBE_0.52_0.35_0.5
A28: ='Indiv. Surfactant Key'!A9&"_G215_DGBE_0.068_0.045_0.5" -> Mys_G215_DGBE_0.068_0.045_0.5
A29: ='Indiv. Surfactant Key'!A77&"_G215_DGBE_0.3_0.2_0.5" -> D5575_G215_DGBE_0.3_0.2_0.5
A30: ='Indiv. Surfactant Key'!A78&"_G215_DGBE_0.3_0.2_0.5" -> D5244_G215_DGBE_0.3_0.2_0.5
A31: ='Indiv. Surfactant Key'!A79&"_G215_DGBE_0.12_0.08_0.5" -> D193_G215_DGBE_0.12_0.08_0.5
A32: ='Indiv. Surfactant Key'!A80&"_G215_DGBE_0.04_0.027_0.5" -> D501W_G215_DGBE_0.04_0.027_0.5
A33: ='Indiv. Surfactant Key'!A10&"_G215_DGBE_0.075_0.05_0.5" -> D502W_G215_DGBE_0.075_0.05_0.5
A34: ='Indiv. Surfactant Key'!A83&"_G215_DGBE_0.14_0.09_0.5" -> D5098_G215_DGBE_0.14_0.09_0.5
A35: ='Indiv. Surfactant Key'!A15&"_G215_DGBE_0.11_0.08_0.5" -> L77_G215_DGBE_0.11_0.08_0.5
A36: ='Indiv. Surfactant Key'!A86&"_G215_DGBE_0.06_0.04_0.5" -> D67_G215_DGBE_0.06_0.04_0.5
A37: ='Indiv. Surfactant Key'!A10&"_G225_DGBE_0.2_0.3_0.5" -> D502W_G225_DGBE_0.2_0.3_0.5
A38: ='Indiv. Surfactant Key'!A10&"_G225_0.2_0.3" -> D502W_G225_0.2_0.3
A39: ='Indiv. Surfactant Key'!A21&"_G225_DGBE_0.2_0.3_0.5" -> NRL_N10358-176_G225_DGBE_0.2_0.3_0.5
A40: ='Indiv. Surfactant Key'!A22&"_G225_DGBE_0.2_0.3_0.5" -> NRL_N10358-174_G225_DGBE_0.2_0.3_0.5
A41: G225_0.5
A42: ='Indiv. Surfactant Key'!A80&"_0.5" -> D501W_0.5
A43: ='Indiv. Surfactant Key'!A86&"_0.5" -> D67_0.5
A44: ='Indiv. Surfactant Key'!A14&"_0.5" -> Cap_0.5
A45: ='Indiv. Surfactant Key'!A30&"_G215_DGBE_0.06_0.04_0.5" -> Gel6185_G215_DGBE_0.06_0.04_0.5
A46: ='Indiv. Surfactant Key'!A95&"_G225_DGBE_0.2_0.3_0.5" -> ComSor181360_G225_DGBE_0.2_0.3_0.5
A47: ='Indiv. Surfactant Key'!A95&"_DGBE_0.5_0.5" -> ComSor181360_DGBE_0.5_0.5
A48: ='Indiv. Surfactant Key'!A10&"_"&'Indiv. Surfactant Key'!A38&"_DGBE_0.2_0.19_0.5" -> D502W_C8G2_DGBE_0.2_0.19_0.5
A49: ='Indiv. Surfactant Key'!A10&"_"&'Indiv. Surfactant Key'!A39&"_DGBE_0.2_0.19_0.5" -> D502W_C10G2_DGBE_0.2_0.19_0.5
A50: ='Indiv. Surfactant Key'!A10&"_"&'Indiv. Surfactant Key'!A40&"_DGBE_0.2_0.19_0.5" -> D502W_C12G2_DGBE_0.2_0.19_0.5
A51: ='Indiv. Surfactant Key'!A10&"_"&'Indiv. Surfactant Key'!A41&"_DGBE_0.2_0.19_0.5" -> D502W_C8G1_DGBE_0.2_0.19_0.5
A52: ='Indiv. Surfactant Key'!A15&"_0.5" -> L77_0.5
A53: ='Indiv. Surfactant Key'!A30&"_0.5" -> Gel6185_0.5
A54: ='Indiv. Surfactant Key'!A10&"_0.5" -> D502W_0.5
A55: ='Indiv. Surfactant Key'!A79&"_0.5" -> D193_0.5
A56: G215_0.5
A57: ='Indiv. Surfactant Key'!A96 -> ComSor_EXP-20-C10628-A
A58: ='Indiv. Surfactant Key'!A97 -> ComSor_EXP-20-C10628-B
A59: ='Indiv. Surfactant Key'!A98 -> ComSor_EXP-20-C10628-C
A60: ='Indiv. Surfactant Key'!A99 -> ComSor_EXP-20-C10628-D
A61: ='Indiv. Surfactant Key'!A100 -> ComSor_EXP-20-C10628-E
A62: ='Indiv. Surfactant Key'!A102 -> ComSor_EXP-21-2
A63: ='Indiv. Surfactant Key'!A101 -> ComSor_EXP-21-1
A64: ='Indiv. Surfactant Key'!A89 -> Avio®F3 Green KHC
A65: ='Indiv. Surfactant Key'!A90 -> JetFoam 3%
A66: ='Indiv. Surfactant Key'!A91 -> Solberg® Rehealing RF3 3%
A67: ='Indiv. Surfactant Key'!A92 -> FomtecEnviroUSP 3%
A68: ='Indiv. Surfactant Key'!A103 -> ComSor_EXP-21-3
A69: ='Indiv. Surfactant Key'!A104 -> ComSor_EXP-21-5
A70: ='Indiv. Surfactant Key'!A105 -> ComSor_EXP-21-6
A71: ='Indiv. Surfactant Key'!A106 -> ComSor_EXP-21-7
A72: ='Indiv. Surfactant Key'!A10&"_DGBE_0.1_0.5" -> D502W_DGBE_0.1_0.5
A73: ='Indiv. Surfactant Key'!A14&"_0.225" -> Cap_0.225
A74: ='Indiv. Surfactant Key'!A14&"_DGBE_0.225_0.5" -> Cap_DGBE_0.225_0.5
A75: ='Indiv. Surfactant Key'!A79&"_G215_DGBE_0.3_0.2_0.5" -> D193_G215_DGBE_0.3_0.2_0.5
A76: ='Indiv. Surfactant Key'!A12&"_0.5" -> TrX100_0.5
A77: ='Indiv. Surfactant Key'!A10&"_0.1" -> D502W_0.1
A78: ='Indiv. Surfactant Key'!A4&"_0.05" -> T15-S-7_0.05
A79: ='Indiv. Surfactant Key'!A3&"_0.4" -> TMN6_0.4
A80: ='Indiv. Surfactant Key'!A76&"_1.3" -> AlphaFoam_1.3
A81: ='Indiv. Surfactant Key'!A84&"_0.3" -> Silphos_0.3
A82: ='Indiv. Surfactant Key'!A85&"_0.014" -> Silsurf_0.014
A83: ='Indiv. Surfactant Key'!A10&"_"&'Indiv. Surfactant Key'!A12&"_DGBE_0.1_0.08_0.5" -> D502W_TrX100_DGBE_0.1_0.08_0.5
A84: ='Indiv. Surfactant Key'!A10&"_G215_DGBE_0.05_0.075_0.5" -> D502W_G215_DGBE_0.05_0.075_0.5
A85: ='Indiv. Surfactant Key'!A10&"_G225_DGBE_0.5_0.5_0.5" -> D502W_G225_DGBE_0.5_0.5_0.5
A86: ='Indiv. Surfactant Key'!A10&"_G215_DGBE_0.5_0.5_0.5" -> D502W_G215_DGBE_0.5_0.5_0.5
A87: ='Indiv. Surfactant Key'!A10&"_G215_DGBE_0.2_0.3_0.5" -> D502W_G215_DGBE_0.2_0.3_0.5
A88: ='Indiv. Surfactant Key'!A10&"_G600_DGBE_0.25_0.25_0.5" -> D502W_G600_DGBE_0.25_0.25_0.5
A89: ='Indiv. Surfactant Key'!A10&"_G600_DGBE_0.2_0.3_0.5" -> D502W_G600_DGBE_0.2_0.3_0.5
A90: ='Indiv. Surfactant Key'!A10&"_G225_DGBE_0.25_0.25_0.5" -> D502W_G225_DGBE_0.25_0.25_0.5
A91: ='Indiv. Surfactant Key'!A10&"_G215_DGBE_0.25_0.25_0.5" -> D502W_G215_DGBE_0.25_0.25_0.5
A92: ='Indiv. Surfactant Key'!A26&"_G225_DGBE_0.2_0.3_0.5" -> NRL_N10477-09_G225_DGBE_0.2_0.3_0.5
A93: ='Indiv. Surfactant Key'!A12&"_G215_DGBE_0.06_0.04_0.5" -> TrX100_G215_DGBE_0.06_0.04_0.5
A94: ='Indiv. Surfactant Key'!A34&"_G215_DGBE_0.06_0.04_0.5" -> Gel6492.6_G215_DGBE_0.06_0.04_0.5
A95: ='Indiv. Surfactant Key'!A11&"_G215_DGBE_0.22_0.15_0.5" -> SDS_G215_DGBE_0.22_0.15_0.5
A96: ='Indiv. Surfactant Key'!A20&"_G225_DGBE_0.2_0.3_0.5" -> NRL_N10477-12_G225_DGBE_0.2_0.3_0.5
A97: ='Indiv. Surfactant Key'!A27&"_G225_DGBE_0.2_0.3_0.5" -> NRL_N10477-07_G225_DGBE_0.2_0.3_0.5
A98: ='Indiv. Surfactant Key'!A107 -> ComSor1830503
A99: ='Indiv. Surfactant Key'!A108 -> ComSor_26990-95B
A100: ='Indiv. Surfactant Key'!A109 -> ComSor_26990-95C
A101: ='Indiv. Surfactant Key'!A110 -> ComSor_26990-95D
...

Sheet Measurement Information
A1: CMC- critical micelle concentration
A2: Surfactant will populate an air/water interface until it is saturated, after this concentration, excess surfactant will form micelles in solution rather than continuing to occupy surface
A3: Determined by measuring surface tension at various surfactant concentrations, above CMC, surface tension is independent of concentration, below CMC, surface tension is linearly dependent on concentration
A4: There are proposed relationships between sloped region of curve and gibbs free energy, so important to have CMC value as well as curved data
A6: CMC Concentrations | D6: wt% surfactant, this column of data is the concentration at which measurements were taken, different for each solution
A7: CMC Surface Tension | D7: mN/m, this column of data is the measured surface tension of solution at the corresponding concentration, different for each solution
A8: Calculated CMC | D8: wt% surfactant, my calculated value of CMC based on inflection point from data, may be able to calculcate from raw data, but is provided
A11: Formulation Surface Tension - surface tension is a measure of the force needed to travel from one interface to another, surface tension is specific to an air/liquid interface
A12: Measured via a DuNouy ring tensiometer at temperatures between 20-25C, these values are concentration specific and are notated with formulation names, units of mN/m
A14: Formulation Interfacial Tension - surface tension is a measure of the force needed to travel from one interface to another, interfacial tension is specific to a liquid/liquid interface which in our case is the fuel and foam solution
A15: Measured via a DuNouy ring tensiometer at temperatures between 20-25C, these values are concentration specific and are notated with formulation names, units of mN/m
A17: Formulation Fuel Transport - we assume that a mechanism of foam fire suppression is the ability of the foam to block the flow of fuel vapors from the fuel pool to the flame above,
A18: foams that reduce transport, may suppress a fire faster, we assume this mechanism is dependent on fuel type and temperature, as well as the surfactants in the foam layer
A19: We measure this outside of the flame environment using a flux chamber, foam is placed over heated fuel in a closed container, the head space above the foam is monitored via FTIR for heptane fuel vapors
A20: We report fuel transport through the foam as the fuel flux, correcting for FTIR ppm differences using the surface area of the fuel and the flow of gases used to sweep into the FTIR
A21: The fuel transport container is optically accesible to observe changes in foam height with time, which should also effect fuel transport rate, foams that degrade faster have a smaller physical barrier to travel through, the flux would be expectedly higher
A22: The transport degradation rate is used in a derived equation of Ficks 2nd Law to correct for differences in flux due to foam degradation and reports the effective diffusion coefficient (EDC value)
A23: The EDC value is the calculated value of heptane transport through a specified foam layer and is a potential value to compare extinction performance to; however, the raw flux and degradation curves may also be of value
A24: Degradation data in fuel transport experiment only recently collected, so minimal foam height profiles and EDC values reported
A26: Formulation Transport Time | D26: s, this column of data is the FTIR time stamp at which measurements were taken, different for each solution
A27: Fuel Transport PPM | D27: mol/cm2s, this column of data is the fuel flux through the foam layer, calculated from the FTIR ppm output, different for each solution
A28: Formulation Transport Deg Time | D28: min, this column of data is the time at which images of foam height were measured, can be used to plot foam height profile, in seconds, different for each solution
A29: Formulation Transport Deg Height | D29: cm, this column of data is the foam height measured at each time stamp during the transport test, in centimeters, different for each solution
A30: Formulation Flux Time for EDC | D30: don't fit the full transport profile to EDC values because of varying data points for each trial, consolidate down to 11 points for fitting, time of 11 points
A31: Flux Value for EDC | D31: associated fuel flux for 11 points used in fitting EDC vales
A32: EDC Value | D32: cm2/s, calculatd effective diffusion coefficient value using above profiles, first row is values, second row is r2 value of the fit to the flux data
D33: some fits <0.8, but still calculate values in line with replicate trials, your discretion as to what to weed out and what to keep
A35: Extinction results - measurement of the ability of a foam to extinguish a fire
A36: This metric is dependent on many variables - diameter of fuel pool, fuel, foam flow rate, and foam composition
A37: For comparing performance, critical that pool diameter, fuel, and flow rate be the same, all data presented is for a 19cm fuel pool diameter, but the fuel varies primarily between heptane and gasoline
A38: During fire extinction, we measure limited properties to better define the extinction event, these are described below
A39: Extinction curve is critical as it provides information on the limiting flow rate for rapid fire suppression, we include data at multiple foam flow rates to generate curves and typically do not present single extinction times
A40: A single trial is considered generation of the whole curve, we test the same foams at different times, generating full curves each time, Trials 1,2, and so on should each have complete curves
A41: Poor performing foams will have fewer foam flow rates analyzed as they were unable to extinguish a fire effectively
A43: Hept Fire Ext 19cm Foam Flow | D43: ml/min, foam flow rate is varied by varying an applied air flow rate to generate the foam. As the foam flow rate increases, more foam is deposited on the fire, fire is expected to go out faster
A44: Hept Fire Ext 19cm ER | D44: unitless, ER = expansion ratio, a foam property measurement of the water content of a foam, determined by dividing the volume of foam by its weight.
A45: Hept Fire Ext 19cm Spread | D45: s, time it takes for the foam to cover the fuel pool, poor performing foams can demonstrate "No Coverage"
A46: Hept Fire Ext 19cm Ext | D46: s, time for the foam to extinguish 100% of the fire, poor performing foams may have "No Extinction"
A48: Performance differences between fuels is expected, we therefore separate extinction based on fuel type and have a separate set of spreadsheets for gasoline fire extinction
A50: Gas Fire Ext 19cm Foam Flow | D50: ml/min, foam flow rate is varied by varying an applied air flow rate to generate the foam. As the foam flow rate increases, more foam is deposited on the fire, fire is expected to go out faster
A51: Gas Fire Ext 19cm ER | D51: unitless, ER = expansion ratio, a foam property measurement of the water content of a foam, determined by dividing the volume of foam by its weight.
A52: Gas Fire Ext 19cm Spread | D52: s, time it takes for the foam to cover the fuel pool, poor performing foams can demonstrate "No Coverage"
A53: Gas Fire Ext 19cm Ext | D53: s, time for the foam to extinguish 100% of the fire, poor performing foams may have "No Extinction"
A55: Foam degradation is measurement of the foam height change with time for foam placed over a hot fuel pool. A 4cm foam layer is deposited and we monitor the change in foam height with time.
A56: Complete lifetime is an important metric (when the foam height = 0), but the profile is also valuable and is typically a 3rd order polynomial in character. Different fuels have different boiling points,
A57: we therefore test heptane heated to 60C and gasoline heated to 35C. This difference in temperature makes it challenging to directly compare performance on both fuels, but can compare across
A58: different foam compositions
A60: Foam Deg Time Hept 60C | D60: time stamp, min for changes in foam height for foam placed over heptane heated to 60C
A61: Foam Deg Height Hept 60C | D61: foam height, cm for initial 4 cm foam layer placed over heptane heated to 60C
A62: Foam Deg Time Gas 35C | D62: time stamp, min for changes in foam height for foam placed over gasoline heated to 35C
A63: Foam Deg Height Gas 35C | D63: foam height, cm for initial 4 cm foam layer placed over gasoline heated to 35C

Sheet CMC Concentrations
A1: Concentrations created for the calculation of CMC values, units are wt% total surfactant in aqueous solution, NaN values in place to create even-rowed columns
A3: ='Indiv. Surfactant Key'!A3 -> TMN6 | B3: ='Indiv. Surfactant Key'!A4 -> T15-S-7 | C3: ='Indiv. Surfactant Key'!A5 -> TrX45 | D3: ='Indiv. Surfactant Key'!A6 -> TrX114 | E3: ='Indiv. Surfactant Key'!A74 -> LinSucSulf | F3: ='Indiv. Surfactant Key'!A7 -> T4 | G3: ='Indiv. Surfactant Key'!A75 -> TrCG-425 | H3: ='Indiv. Surfactant Key'!A8 -> AlfSodSalt | I3: ='Indiv. Surfactant Key'!A76 -> AlphaFoam | J3: ='Indiv. Surfactant Key'!A77 -> D5575 | K3: ='Indiv. Surfactant Key'!A78 -> D5244 | L3: ='Indiv. Surfactant Key'!A79 -> D193 | M3: ='Indiv. Surfactant Key'!A80 -> D501W | N3: ='Indiv. Surfactant Key'!A81 -> D198 | O3: ='Indiv. Surfactant Key'!A82 -> D5604 | P3: ='Indiv. Surfactant Key'!A10 -> D502W | Q3: ='Indiv. Surfactant Key'!A83 -> D5098 | R3: ='Indiv. Surfactant Key'!A11 -> SDS | S3: ='Indiv. Surfactant Key'!A12 -> TrX100 | T3: ='Indiv. Surfactant Key'!A84 -> Silphos | U3: ='Indiv. Surfactant Key'!A85 -> Silsurf | V3: ='Indiv. Surfactant Key'!A13 -> CTAB | W3: ='Formulation Names Mix CMC Data'!A38 -> Cap_DGBE | X3: ='Indiv. Surfactant Key'!A14 -> Cap | Y3: ='Indiv. Surfactant Key'!A15 -> L77 | Z3: ='Indiv. Surfactant Key'!A16 -> PFOA | AA3: ='Indiv. Surfactant Key'!A86 -> D67 | AB3: ='Formulation Names Mix CMC Data'!A39 -> G225_DGBE | AC3: ='Formulation Names Mix CMC Data'!A40 -> G600_DGBE | AD3: ='Formulation Names Mix CMC Data'!A41 -> G215_DGBE | AE3: ='Formulation Names Mix CMC Data'!A42 -> Gel6185_DGBE | AF3: ='Indiv. Surfactant Key'!A17 -> NRL_N10358-107 | AG3: ='Indiv. Surfactant Key'!A18 -> NRL_N10358-106 | AH3: ='Indiv. Surfactant Key'!A19 -> NRL_N10358-135 | AI3: ='Indiv. Surfactant Key'!A20 -> NRL_N10477-12 | AJ3: ='Indiv. Surfactant Key'!A21 -> NRL_N10358-176 | AK3: ='Indiv. Surfactant Key'!A22 -> NRL_N10358-174 | AL3: ='Indiv. Surfactant Key'!A23 -> NRL_N10358-169 | AM3: ='Indiv. Surfactant Key'!A24 -> NRL_N10477-01 | AN3: ='Indiv. Surfactant Key'!A25 -> NRL_N10358-161 | AO3: ='Indiv. Surfactant Key'!A26 -> NRL_N10477-09 | AP3: ='Indiv. Surfactant Key'!A27 -> NRL_N10477-07 | AQ3: ='Indiv. Surfactant Key'!A28 -> NRL_N10477-03 | AR3: ='Indiv. Surfactant Key'!A29 -> NRL_N10477-05 | AS3: ='Indiv. Surfactant Key'!A30 -> Gel6185 | AT3: ='Indiv. Surfactant Key'!A31 -> G215 | AU3: ='Indiv. Surfactant Key'!A32 -> G225 | AV3: ='Formulation Names Mix CMC Data'!A4 -> TMN6_G215_3_2 | AW3: ='Formulation Names Mix CMC Data'!A5 -> T15-S-7_G215_3_2 | AX3: ='Formulation Names Mix CMC Data'!A6 -> TrX45_G215_3_2 | AY3: ='Formulation Names Mix CMC Data'!A7 -> TrX114_G215_3_2 | AZ3: ='Formulation Names Mix CMC Data'!A8 -> LinSucSulf_G215_3_2 | BA3: ='Formulation Names Mix CMC Data'!A9 -> T4_G215_3_2 | BB3: ='Formulation Names Mix CMC Data'!A10 -> TrCG-425_G215_3_2 | BC3: ='Formulation Names Mix CMC Data'!A11 -> AlfSodSalt_G215_3_2 | BD3: ='Formulation Names Mix CMC Data'!A12 -> AlphaFoam_G215_3_2 | BE3: ='Formulation Names Mix CMC Data'!A13 -> Mys_G215_3_2 | BF3: ='Formulation Names Mix CMC Data'!A14 -> D5575_G215_3_2 | BG3: ='Formulation Names Mix CMC Data'!A15 -> D5244_G215_3_2 | BH3: ='Formulation Names Mix CMC Data'!A16 -> D193_G215_3_2 | BI3: ='Formulation Names Mix CMC Data'!A17 -> D501W_G215_3_2 | BJ3: ='Formulation Names Mix CMC Data'!A18 -> D198_G215_3_2 | BK3: ='Formulation Names Mix CMC Data'!A19 -> D5604_G215_3_2 | BL3: ='Formulation Names Mix CMC Data'!A20 -> D502W_G215_3_2 | BM3: ='Formulation Names Mix CMC Data'!A21 -> D5098_G215_3_2 | BN3: ='Formulation Names Mix CMC Data'!A22 -> SDS_G215_3_2 | BO3: ='Formulation Names Mix CMC Data'!A23 -> TrX100_G215_3_2 | BP3: ='Formulation Names Mix CMC Data'!A24 -> Silphos_G215_3_2 | BQ3: ='Formulation Names Mix CMC Data'!A25 -> L77_G215_3_2 | BR3: ='Formulation Names Mix CMC Data'!A26 -> D502W_TrX100_3_2 | BS3: ='Formulation Names Mix CMC Data'!A27 -> D67_G215_3_2 | BT3: ='Formulation Names Mix CMC Data'!A28 -> D502W_G215_2_3 | BU3: ='Formulation Names Mix CMC Data'!A29 -> D502W_G225_2_3 | BV3: ='Formulation Names Mix CMC Data'!A30 -> D502W_G600_2_3 | BW3: ='Formulation Names Mix CMC Data'!A31 -> Gel6492.6_G215_3_2 | BX3: ='Formulation Names Mix CMC Data'!A32 -> T15-S-9_G215_3_2 | BY3: ='Formulation Names Mix CMC Data'!A33 -> T15-S-12_G215_3_2 | BZ3: ='Formulation Names Mix CMC Data'!A34 -> L77_G225_2_3 | CA3: ='Formulation Names Mix CMC Data'!A35 -> D67_G225_2_3 | CB3: ='Formulation Names Mix CMC Data'!A36 -> D502W_C6G2_1_1 | CC3: ='Formulation Names Mix CMC Data'!A37 -> Gel6185_G215_3_2 | CD3: ='Indiv. Surfactant Key'!A53 -> CL_MD2086-97 | CE3: ='Indiv. Surfactant Key'!A54 -> CL_MD2012-16 | CF3: ='Indiv. Surfactant Key'!A55 -> NRL_CB-1-123 | CG3: ='Formulation Names Mix CMC Data'!A43 -> CL_MD2086-97_G225_2_3 | CH3: ='Formulation Names Mix CMC Data'!A44 -> CL_MD2012-16_G225_2_3 | CI3: ='Formulation Names Mix CMC Data'!A45 -> NRL_CB-1-123_G225_2_3 | CJ3: ='Indiv. Surfactant Key'!A59 -> CL_MD2102-54 | CK3: ='Formulation Names Mix CMC Data'!A46 -> CL_MD2102-54_G225_2_3 | CL3: ='Indiv. Surfactant Key'!A64 -> NRL_LBII43 | CM3: ='Formulation Names Mix CMC Data'!A47 -> NRL_LBII43_G225_2_3 | CN3: ='Formulation Names Mix CMC Data'!A48 -> NRL_CB_DTBTS_SB_G225_2_3 | CO3: ='Formulation Names Mix CMC Data'!A49 -> NRL_N10478-233_G225_2_3 | CP3: ='Formulation Names Mix CMC Data'!A50 -> Cap_TrX100_3_2 | CQ3: ='Formulation Names Mix CMC Data'!A51 -> Cap_G225_3_2 | CR3: ='Formulation Names Mix CMC Data'!A52 -> CL_MD2062-57_G225_2_3 | CS3: ='Formulation Names Mix CMC Data'!A53 -> NRL_N10477-05_G225_2_3 | CT3: ='Formulation Names Mix CMC Data'!A54 -> D502W_C7G1_1_1 | CU3: ='Formulation Names Mix CMC Data'!A55 -> D502W_C7G1_1_1 | CV3: ='Formulation Names Mix CMC Data'!A56 -> D502W_C8G1_1_1 | CW3: ='Formulation Names Mix CMC Data'!A57 -> D502W_C9G2_1_1 | CX3: ='Formulation Names Mix CMC Data'!A58 -> D502W_C10G2_1_1 | CY3: ='Formulation Names Mix CMC Data'!A59 -> D502W_C12G2_1_1 | CZ3: ='Formulation Names Mix CMC Data'!A60 -> D502W_C8G2_1_1 | DA3: ='Formulation Names Mix CMC Data'!A61 -> D502W_iC8G2_1_1 | DB3: ='Formulation Names Mix CMC Data'!A62 -> D502W_Cymal_1_1 | DC3: ='Formulation Names Mix CMC Data'!A63 -> D502W_C8SG2_1_1 | DD3: ='Indiv. Surfactant Key'!A69 -> CL_MD2102-90 | DE3: ='Formulation Names Mix CMC Data'!A64 -> CL_MD2102-90_G225_2_3 | DF3: ='Indiv. Surfactant Key'!A71 -> CL_MD2102-118 | DG3: ='Formulation Names Mix CMC Data'!A65 -> CL_MD2102-118_G225_2_3 | DH3: ='Formulation Names Mix CMC Data'!A66 -> Cap_TrGR-5M_3_2 | DI3: ='Formulation Names Mix CMC Data'!A67 -> NRL_N10478-198_G225_1_5 | DJ3: ='Formulation Names Mix CMC Data'!A68 -> NRL_N10358-174_G225_2_3 | DK3: ='Formulation Names Mix CMC Data'!A69 -> NRL_N10358-176_G225_2_3 | DL3: ='Formulation Names Mix CMC Data'!A70 -> NRL_N10477-01_G225_2_3 | DM3: ='Formulation Names Mix CMC Data'!A71 -> NRL_N10477-03_G225_2_3 | DN3: ='Formulation Names Mix CMC Data'!A72 -> NRL_N10477-09_G225_2_3 | DO3: ='Formulation Names Mix CMC Data'!A73 -> NRL_N10477-07_G225_2_3 | DP3: ='Formulation Names Mix CMC Data'!A74 -> NRL_N10477-12_G225_2_3 | DQ3: ='Indiv. Surfactant Key'!A70 -> CL_MD2102-112 | DR3: ='Formulation Names Mix CMC Data'!A76 -> CL_MD2102-112_G225_2_3 | DS3: ='Formulation Names Mix CMC Data'!A77 -> CL_MD2062-124_G225_1_4.6 | DT3: ='Formulation Names Mix CMC Data'!A78 -> NRL_N10477-189_G225_1_6 | DU3: ='Indiv. Surfactant Key'!A72 -> NRL_CB-1-192 | DV3: ='Formulation Names Mix CMC Data'!A80 -> NRL_CB-1-192_G225_2_3
A4: 2 | B4: 2 | C4: 2 | D4: 2 | E4: 2 | F4: 2 | G4: 2 | H4: 2 | I4: 2 | J4: 2 | K4: 2 | L4: 2 | M4: 2 | N4: 2 | O4: 2 | P4: 2 | Q4: 2 | R4: 2 | S4: 2 | T4: 2 | U4: 2 | V4: 2 | W4: 2 | X4: 2 | Y4: 2 | Z4: 2 | AA4: 2 | AB4: 2 | AC4: 2 | AD4: 2 | AE4: 2 | AF4: 2 | AG4: 2 | AH4: 2 | AI4: 2 | AJ4: 2 | AK4: 2 | AL4: 2 | AM4: 2 | AN4: 2 | AO4: 2 | AP4: 2 | AQ4: 2 | AR4: 2 | AS4: 2 | AT4: 2 | AU4: 2 | AV4: 2 | AW4: 2 | AX4: 2 | AY4: 2 | AZ4: 2 | BA4: 2 | BB4: 2 | BC4: 2 | BD4: 2 | BE4: 2 | BF4: 2 | BG4: 2 | BH4: 2 | BI4: 2 | BJ4: 2 | BK4: 2 | BL4: 2 | BM4: 2 | BN4: 2 | BO4: 2 | BP4: 2 | BQ4: 2 | BR4: 2 | BS4: 2 | BT4: 2 | BU4: 2 | BV4: 2 | BW4: 2 | BX4: 2 | BY4: 2 | BZ4: 2 | CA4: 2 | CB4: 5 | CC4: 2 | CD4: 2 | CE4: 2 | CF4: 2 | CG4: 2 | CH4: 1 | CI4: 2 | CJ4: 2 | CK4: 2 | CL4: 1 | CM4: 1 | CN4: 0.05 | CO4: 0.5 | CP4: 2 | CQ4: 0.5 | CR4: 2 | CS4: 2 | CT4: 2 | CU4: 2 | CV4: 2 | CW4: 2 | CX4: 2 | CY4: 2 | CZ4: 2 | DA4: 2 | DB4: 2 | DC4: 2 | DD4: 1 | DE4: 1 | DF4: 0.5 | DG4: 0.5 | DH4: =2 -> 2 | DI4: 1 | DJ4: =2 -> 2 | DK4: =2 -> 2 | DL4: =2 -> 2 | DM4: 1 | DN4: 2 | DO4: 2 | DP4: 2 | DQ4: 0.5 | DR4: 0.5 | DS4: 0.365 | DT4: 0.35 | DU4: 1 | DV4: 1
A5: 1 | B5: 1 | C5: 1 | D5: 1 | E5: 1 | F5: 1 | G5: 1 | H5: 1 | I5: 1 | J5: 1 | K5: 1 | L5: 1 | M5: 1 | N5: 1 | O5: 1 | P5: 1 | Q5: 1 | R5: 1 | S5: 1 | T5: 1 | U5: 1 | V5: 1 | W5: 1 | X5: 0.0625 | Y5: 1 | Z5: 1 | AA5: 0.0625 | AB5: 1 | AC5: 0.0625 | AD5: 1 | AE5: 0.0625 | AF5: 1 | AG5: 1 | AH5: 1 | AI5: 0.0625 | AJ5: 0.0625 | AK5: 1 | AL5: 0.0625 | AM5: 0.0625 | AN5: 0.0625 | AO5: 0.0625 | AP5: 0.0625 | AQ5: 0.0625 | AR5: 0.0625 | AS5: 0.0625 | AT5: 1 | AU5: 1 | AV5: 1 | AW5: 1 | AX5: 1 | AY5: 1 | AZ5: 1 | BA5: 1 | BB5: 1 | BC5: 1 | BD5: 1 | BE5: 1 | BF5: 1 | BG5: 1 | BH5: 1 | BI5: 1 | BJ5: 1 | BK5: 1 | BL5: 1 | BM5: 1 | BN5: 1 | BO5: 1 | BP5: 1 | BQ5: 1 | BR5: 0.0625 | BS5: 0.0625 | BT5: 0.0625 | BU5: 0.0625 | BV5: 0.0625 | BW5: 0.0625 | BX5: 0.0625 | BY5: 0.0625 | BZ5: 0.0625 | CA5: 0.0625 | CB5: 0.15625 | CC5: 0.0625 | CD5: 1 | CE5: 0.25 | CF5: 1 | CG5: 1 | CH5: 0.5 | CI5: 0.5 | CJ5: 0.25 | CK5: 1 | CL5: 0.125 | CM5: 0.125 | CN5: =CN4/2 -> 0.025 | CO5: 0.0625 | CP5: 0.0625 | CQ5: 0.0625 | CR5: 1 | CS5: 1 | CT5: 1 | CU5: 1 | CV5: 1 | CW5: 1 | CX5: 1 | CY5: 1 | CZ5: 1 | DA5: 1 | DB5: 1 | DC5: 1 | DD5: 0.5 | DE5: 0.25 | DF5: 0.0625 | DG5: 0.0625 | DH5: =0.0625 -> 0.0625 | DI5: =DI4/2 -> 0.5 | DJ5: =1 -> 1 | DK5: =0.0625 -> 0.0625 | DL5: =0.5 -> 0.5 | DM5: 0.0625 | DN5: 0.0625 | DO5: 0.0625 | DP5: 0.0625 | DQ5: 0.0625 | DR5: 0.0625 | DS5: =DS4/2 -> 0.1825 | DT5: =DT4/2 -> 0.175 | DU5: 0.5 | DV5: 0.5
A6: 0.5 | B6: 0.5 | C6: 0.5 | D6: 0.5 | E6: 0.5 | F6: 0.5 | G6: 0.5 | H6: 0.5 | I6: 0.5 | J6: 0.5 | K6: 0.5 | L6: 0.5 | M6: 0.5 | N6: 0.5 | O6: 0.5 | P6: 0.5 | Q6: 0.5 | R6: 0.5 | S6: 0.5 | T6: 0.5 | U6: 0.5 | V6: 0.5 | W6: 0.5 | X6: 0.03125 | Y6: 0.5 | Z6: 0.5 | AA6: 0.03125 | AB6: 0.5 | AC6: 0.03125 | AD6: 0.5 | AE6: 0.03125 | AF6: 0.5 | AG6: 0.5 | AH6: 0.5 | AI6: 0.03125 | AJ6: 0.03125 | AK6: 0.0625 | AL6: 0.03125 | AM6: 0.03125 | AN6: 0.03125 | AO6: 0.03125 | AP6: 0.03125 | AQ6: 0.03125 | AR6: 0.03125 | AS6: 0.03125 | AT6: 0.5 | AU6: 0.5 | AV6: 0.5 | AW6: 0.5 | AX6: 0.5 | AY6: 0.5 | AZ6: 0.5 | BA6: 0.5 | BB6: 0.5 | BC6: 0.5 | BD6: 0.5 | BE6: 0.5 | BF6: 0.5 | BG6: 0.5 | BH6: 0.5 | BI6: 0.5 | BJ6: 0.5 | BK6: 0.5 | BL6: 0.5 | BM6: 0.5 | BN6: 0.5 | BO6: 0.5 | BP6: 0.5 | BQ6: 0.5 | BR6: 0.03125 | BS6: 0.03125 | BT6: 0.03125 | BU6: 0.03125 | BV6: 0.03125 | BW6: 0.03125 | BX6: 0.03125 | BY6: 0.03125 | BZ6: 0.03125 | CA6: 0.03125 | CB6: 0.0390625 | CC6: 0.03125 | CD6: 0.0625 | CE6: 0.125 | CF6: 0.5 | CG6: 0.5 | CH6: 0.25 | CI6: 0.25 | CJ6: 0.125 | CK6: 0.125 | CL6: 0.0625 | CM6: 0.0625 | CN6: =CN5/2 -> 0.0125 | CO6: 0.03125 | CP6: =CP5/2 -> 0.03125 | CQ6: =CQ5/2 -> 0.03125 | CR6: 0.5 | CS6: 0.5 | CT6: 0.0625 | CU6: 0.0625 | CV6: 0.0625 | CW6: 0.0625 | CX6: 0.0625 | CY6: 0.0625 | CZ6: 0.0625 | DA6: 0.0625 | DB6: 0.0625 | DC6: 0.0625 | DD6: 0.25 | DE6: 0.125 | DF6: 0.03125 | DG6: 0.03125 | DH6: =DH5/2 -> 0.03125 | DI6: 0.0625 | DJ6: =0.0625 -> 0.0625 | DK6: =DK5/2 -> 0.03125 | DL6: =0.0625 -> 0.0625 | DM6: =DM5/2 -> 0.03125 | DN6: =DN5/2 -> 0.03125 | DO6: =DO5/2 -> 0.03125 | DP6: =DP5/2 -> 0.03125 | DQ6: 0.03125 | DR6: 0.03125 | DS6: =DS5/2 -> 0.09125 | DT6: =DT5/2 -> 0.0875 | DU6: 0.25 | DV6: 0.25
A7: 0.25 | B7: 0.25 | C7: 0.25 | D7: 0.25 | E7: 0.25 | F7: 0.25 | G7: 0.25 | H7: 0.25 | I7: 0.25 | J7: 0.25 | K7: 0.25 | L7: 0.25 | M7: 0.25 | N7: 0.25 | O7: 0.25 | P7: 0.25 | Q7: 0.25 | R7: 0.25 | S7: 0.25 | T7: 0.25 | U7: 0.25 | V7: 0.25 | W7: 0.25 | X7: 0.015625 | Y7: 0.25 | Z7: 0.25 | AA7: 0.015625 | AB7: 0.25 | AC7: 0.015625 | AD7: 0.25 | AE7: 0.015625 | AF7: 0.25 | AG7: 0.25 | AH7: 0.25 | AI7: 0.015625 | AJ7: 0.015625 | AK7: 0.03125 | AL7: 0.015625 | AM7: 0.015625 | AN7: 0.015625 | AO7: 0.015625 | AP7: 0.015625 | AQ7: 0.015625 | AR7: 0.015625 | AS7: 0.015625 | AT7: 0.25 | AU7: 0.25 | AV7: 0.25 | AW7: 0.25 | AX7: 0.25 | AY7: 0.25 | AZ7: 0.25 | BA7: 0.25 | BB7: 0.25 | BC7: 0.25 | BD7: 0.25 | BE7: 0.25 | BF7: 0.25 | BG7: 0.25 | BH7: 0.25 | BI7: 0.25 | BJ7: 0.25 | BK7: 0.25 | BL7: 0.25 | BM7: 0.25 | BN7: 0.25 | BO7: 0.25 | BP7: 0.25 | BQ7: 0.25 | BR7: 0.015625 | BS7: 0.015625 | BT7: 0.015625 | BU7: 0.015625 | BV7: 0.015625 | BW7: 0.015625 | BX7: 0.015625 | BY7: 0.015625 | BZ7: 0.015625 | CA7: 0.015625 | CB7: 0.01953125 | CC7: 0.015625 | CD7: 0.03125 | CE7: 0.0625 | CF7: 0.25 | CG7: 0.0625 | CH7: 0.125 | CI7: 0.125 | CJ7: 0.0625 | CK7: 0.0625 | CL7: 0.03125 | CM7: 0.03125 | CN7: =CN6/2 -> 0.00625 | CO7: 0.015625 | CP7: =CP6/2 -> 0.015625 | CQ7: =CQ6/2 -> 0.015625 | CR7: =CR6/2 -> 0.25 | CS7: 0.25 | CT7: =CT6/2 -> 0.03125 | CU7: =CU6/2 -> 0.03125 | CV7: =CV6/2 -> 0.03125 | CW7: =CW6/2 -> 0.03125 | CX7: =CX6/2 -> 0.03125 | CY7: =CY6/2 -> 0.03125 | CZ7: =CZ6/2 -> 0.03125 | DA7: =DA6/2 -> 0.03125 | ... DC7: =DC6/2 -> 0.03125 | DD7: 0.125 | DE7: 0.0625 | DF7: 0.015625 | DG7: 0.015625 | DH7: =DH6/2 -> 0.015625 | DI7: =DI6/2 -> 0.03125 | DJ7: =DJ6/2 -> 0.03125 | DK7: =DK6/2 -> 0.015625 | DL7: =DL6/2 -> 0.03125 | DM7: =DM6/2 -> 0.015625 | DN7: =DN6/2 -> 0.015625 | DO7: =DO6/2 -> 0.015625 | DP7: =DP6/2 -> 0.015625 | DQ7: 0.015625 | DR7: 0.015625 | DS7: =DS6/2 -> 0.045625 | DT7: =DT6/2 -> 0.04375 | DU7: 0.125 | DV7: 0.125
A8: 0.125 | B8: 0.125 | C8: 0.125 | D8: 0.125 | E8: 0.125 | F8: 0.125 | G8: 0.125 | H8: 0.125 | I8: 0.125 | J8: 0.125 | K8: 0.125 | L8: 0.125 | M8: 0.125 | N8: 0.125 | O8: 0.125 | P8: 0.125 | Q8: 0.125 | R8: 0.125 | S8: 0.125 | T8: 0.125 | U8: 0.125 | V8: 0.125 | W8: 0.125 | X8: 0.0078125 | Y8: 0.125 | Z8: 0.125 | AA8: 0.0078125 | AB8: 0.125 | AC8: 0.0078125 | AD8: 0.125 | AE8: 0.0078125 | AF8: 0.125 | AG8: 0.125 | AH8: 0.125 | AI8: 0.0078125 | AJ8: 0.0078125 | AK8: 0.015625 | AL8: 0.0078125 | AM8: 0.0078125 | AN8: 0.0078125 | AO8: 0.0078125 | AP8: 0.0078125 | AQ8: 0.0078125 | AR8: 0.0078125 | AS8: 0.0078125 | AT8: 0.125 | AU8: 0.125 | AV8: 0.125 | AW8: 0.125 | AX8: 0.125 | AY8: 0.125 | AZ8: 0.125 | BA8: 0.125 | BB8: 0.125 | BC8: 0.125 | BD8: 0.125 | BE8: 0.125 | BF8: 0.125 | BG8: 0.125 | BH8: 0.125 | BI8: 0.125 | BJ8: 0.125 | BK8: 0.125 | BL8: 0.125 | BM8: 0.125 | BN8: 0.125 | BO8: 0.125 | BP8: 0.125 | BQ8: 0.125 | BR8: 0.0078125 | BS8: 0.0078125 | BT8: 0.0078125 | BU8: 0.0078125 | BV8: 0.0078125 | BW8: 0.0078125 | BX8: 0.0078125 | BY8: 0.0078125 | BZ8: 0.0078125 | CA8: 0.0078125 | CB8: 0.009765625 | CC8: 0.0078125 | CD8: 0.015625 | CE8: 0.03125 | CF8: 0.125 | CG8: 0.03125 | CH8: 0.0625 | CI8: 0.0625 | CJ8: 0.03125 | CK8: 0.03125 | CL8: 0.015625 | CM8: 0.015625 | CN8: =CN7/2 -> 0.003125 | CO8: 0.0078125 | CP8: =CP7/2 -> 0.0078125 | CQ8: =CQ7/2 -> 0.0078125 | CR8: =CR7/2 -> 0.125 | CS8: =CS7/2 -> 0.125 | CT8: =CT7/2 -> 0.015625 | CU8: =CU7/2 -> 0.015625 | CV8: =CV7/2 -> 0.015625 | CW8: =CW7/2 -> 0.015625 | ... DC8: =DC7/2 -> 0.015625 | DD8: 0.0625 | DE8: 0.03125 | DF8: 0.0078125 | DG8: 0.0078125 | DH8: =DH7/2 -> 0.0078125 | DI8: =DI7/2 -> 0.015625 | DJ8: =DJ7/2 -> 0.015625 | DK8: =DK7/2 -> 0.0078125 | DL8: =DL7/2 -> 0.015625 | DM8: =DM7/2 -> 0.0078125 | DN8: =DN7/2 -> 0.0078125 | DO8: =DO7/2 -> 0.0078125 | DP8: =DP7/2 -> 0.0078125 | DQ8: 0.0078125 | DR8: 0.0078125 | DS8: =DS7/2 -> 0.0228125 | DT8: =DT7/2 -> 0.021875 | DU8: 0.0625 | DV8: 0.0625
A9: 0.0625 | B9: 0.0625 | C9: 0.0625 | D9: 0.0625 | E9: 0.0625 | F9: 0.0625 | G9: 0.0625 | H9: 0.0625 | I9: 0.0625 | J9: 0.0625 | K9: 0.0625 | L9: 0.0625 | M9: 0.0625 | N9: 0.0625 | O9: 0.0625 | P9: 0.0625 | Q9: 0.0625 | R9: 0.0625 | S9: 0.0625 | T9: 0.0625 | U9: 0.0625 | V9: 0.0625 | W9: 0.0625 | X9: 0.00390625 | Y9: 0.0625 | Z9: 0.0625 | AA9: 0.00390625 | AB9: 0.0625 | AC9: 0.00390625 | AD9: 0.0625 | AE9: 0.00390625 | AF9: 0.0625 | AG9: 0.0625 | AH9: 0.0625 | AI9: 0.00390625 | AJ9: 0.00390625 | AK9: 0.0078125 | AL9: 0.00390625 | AM9: 0.00390625 | AN9: 0.00390625 | AO9: 0.00390625 | AP9: 0.00390625 | AQ9: 0.00390625 | AR9: 0.00390625 | AS9: 0.00390625 | AT9: 0.0625 | AU9: 0.0625 | AV9: 0.0625 | AW9: 0.0625 | AX9: 0.0625 | AY9: 0.0625 | AZ9: 0.0625 | BA9: 0.0625 | BB9: 0.0625 | BC9: 0.0625 | BD9: 0.0625 | BE9: 0.0625 | BF9: 0.0625 | BG9: 0.0625 | BH9: 0.0625 | BI9: 0.0625 | BJ9: 0.0625 | BK9: 0.0625 | BL9: 0.0625 | BM9: 0.0625 | BN9: 0.0625 | BO9: 0.0625 | BP9: 0.0625 | BQ9: 0.0625 | BR9: 0.00390625 | BS9: 0.00390625 | BT9: 0.00390625 | BU9: 0.00390625 | BV9: 0.00390625 | BW9: 0.00390625 | BX9: 0.00390625 | BY9: 0.00390625 | BZ9: 0.00390625 | CA9: 0.00390625 | CB9: 0.0048828125 | CC9: 0.00390625 | CD9: 0.0078125 | CE9: NaN | CF9: 0.0625 | CG9: 0.015625 | CH9: 0.03125 | CI9: 0.03125 | CJ9: 0.015625 | CK9: 0.015625 | CL9: 0.0078125 | CM9: 0.0078125 | CN9: =CN8/2 -> 0.0015625 | CO9: 0.00390625 | CP9: =CP8/2 -> 0.00390625 | CQ9: =CQ8/2 -> 0.00390625 | CR9: 0.0625 | CS9: =CS8/2 -> 0.0625 | CT9: =CT8/2 -> 0.0078125 | CU9: =CU8/2 -> 0.0078125 | CV9: =CV8/2 -> 0.0078125 | CW9: =CW8/2 -> 0.0078125 | CX9: =CX8/2 -> 0.0078125 | CY9: =CY8/2 -> 0.0078125 | CZ9: =CZ8/2 -> 0.0078125 | ... DC9: =DC8/2 -> 0.0078125 | DD9: 0.03125 | DE9: 0.015625 | DF9: 0.00390625 | DG9: 0.00390625 | DH9: =DH8/2 -> 0.00390625 | DI9: =DI8/2 -> 0.0078125 | DJ9: =DJ8/2 -> 0.0078125 | DK9: =DK8/2 -> 0.00390625 | DL9: =DL8/2 -> 0.0078125 | DM9: =DM8/2 -> 0.00390625 | DN9: =DN8/2 -> 0.00390625 | DO9: =DO8/2 -> 0.00390625 | DP9: =DP8/2 -> 0.00390625 | DQ9: 0.00390625 | DR9: 0.00390625 | DS9: =DS8/2 -> 0.01140625 | DT9: =DT8/2 -> 0.0109375 | DU9: 0.03125 | DV9: 0.03125
A10: 0.03125 | B10: 0.03125 | C10: 0.03125 | D10: 0.03125 | E10: 0.03125 | F10: 0.03125 | G10: 0.03125 | H10: NaN | I10: NaN | J10: 0.03125 | K10: 0.03125 | L10: 0.03125 | M10: 0.03125 | N10: 0.03125 | O10: 0.03125 | P10: 0.03125 | Q10: 0.03125 | R10: 0.03125 | S10: 0.03125 | T10: 0.03125 | U10: 0.03125 | V10: 0.03125 | W10: 0.03125 | X10: 0.001953125 | Y10: 0.03125 | Z10: 0.03125 | AA10: 0.001953125 | AB10: 0.03125 | AC10: 0.001953125 | AD10: 0.03125 | AE10: 0.001953125 | AF10: 0.03125 | AG10: 0.03125 | AH10: 0.03125 | AI10: 0.001953125 | AJ10: 0.001953125 | AK10: 0.00390625 | AL10: 0.001953125 | AM10: 0.001953125 | AN10: 0.001953125 | AO10: 0.001953125 | AP10: 0.001953125 | AQ10: 0.001953125 | AR10: 0.001953125 | AS10: 0.001953125 | AT10: 0.03125 | AU10: 0.03125 | AV10: 0.03125 | AW10: 0.03125 | AX10: 0.03125 | AY10: 0.03125 | AZ10: 0.03125 | BA10: 0.03125 | BB10: 0.03125 | BC10: 0.03125 | BD10: 0.03125 | BE10: 0.03125 | BF10: 0.03125 | BG10: 0.03125 | BH10: 0.03125 | BI10: 0.03125 | BJ10: 0.03125 | BK10: 0.03125 | BL10: 0.03125 | BM10: 0.03125 | BN10: 0.03125 | BO10: 0.03125 | BP10: 0.03125 | BQ10: 0.03125 | BR10: 0.001953125 | BS10: 0.001953125 | BT10: 0.001953125 | BU10: 0.001953125 | BV10: 0.001953125 | BW10: 0.001953125 | BX10: 0.001953125 | BY10: 0.001953125 | BZ10: 0.001953125 | CA10: 0.001953125 | CB10: 0.0024414062 | CC10: 0.001953125 | CD10: 0.00390625 | CE10: NaN | CF10: 0.03125 | CG10: 0.0078125 | CH10: 0.015625 | CI10: NaN | CJ10: 0.0078125 | CK10: 0.0078125 | CL10: 0.00390625 | CM10: 0.00390625 | CN10: NaN | CO10: 0.001953125 | CP10: =CP9/2 -> 0.001953125 | CQ10: =CQ9/2 -> 0.001953125 | CR10: =CR9/2 -> 0.03125 | CS10: =CS9/2 -> 0.03125 | CT10: =CT9/2 -> 0.00390625 | CU10: =CU9/2 -> 0.00390625 | CV10: =CV9/2 -> 0.00390625 | CW10: =CW9/2 -> 0.00390625 | ... DC10: =DC9/2 -> 0.00390625 | DD10: 0.015625 | DE10: 0.0078125 | DF10: 0.001953125 | DG10: 0.001953125 | DH10: =DH9/2 -> 0.001953125 | DI10: =DI9/2 -> 0.00390625 | DJ10: =DJ9/2 -> 0.00390625 | DK10: =DK9/2 -> 0.001953125 | DL10: =DL9/2 -> 0.00390625 | DM10: =DM9/2 -> 0.001953125 | DN10: =DN9/2 -> 0.001953125 | DO10: =DO9/2 -> 0.001953125 | DP10: =DP9/2 -> 0.001953125 | DQ10: 0.001953125 | DR10: 0.001953125 | DS10: =DS9/2 -> 0.005703125 | DT10: =DT9/2 -> 0.00546875 | DU10: 0.015625 | DV10: 0.015625
A11: 0.015625 | B11: 0.015625 | C11: 0.015625 | D11: 0.015625 | E11: 0.015625 | F11: NaN | G11: 0.015625 | H11: NaN | I11: NaN | J11: 0.015625 | K11: 0.015625 | L11: 0.015625 | M11: 0.015625 | N11: 0.015625 | O11: 0.015625 | P11: 0.015625 | Q11: 0.015625 | R11: 0.015625 | S11: 0.015625 | T11: 0.015625 | U11: 0.015625 | V11: 0.015625 | W11: 0.015625 | X11: NaN | Y11: 0.015625 | Z11: 0.015625 | AA11: 0.0009765625 | AB11: 0.015625 | AC11: 0.0009765625 | AD11: 0.015625 | AE11: 0.0009765625 | AF11: 0.015625 | AG11: 0.015625 | AH11: 0.015625 | AI11: 0.0009765625 | AJ11: 0.0009765625 | AK11: 0.001953125 | AL11: 0.0009765625 | AM11: 0.0009765625 | AN11: 0.0009765625 | AO11: 0.0009765625 | AP11: 0.0009765625 | AQ11: 0.0009765625 | AR11: 0.0009765625 | AS11: 0.0009765625 | AT11: 0.015625 | AU11: 0.015625 | AV11: 0.015625 | AW11: 0.015625 | AX11: 0.015625 | AY11: 0.015625 | AZ11: 0.015625 | BA11: 0.015625 | BB11: 0.015625 | BC11: 0.015625 | BD11: 0.015625 | BE11: 0.015625 | BF11: 0.015625 | BG11: 0.015625 | BH11: 0.015625 | BI11: 0.015625 | BJ11: 0.015625 | BK11: 0.015625 | BL11: 0.015625 | BM11: 0.015625 | BN11: 0.015625 | BO11: 0.015625 | BP11: 0.015625 | BQ11: 0.015625 | BR11: 0.0009765625 | BS11: 0.0009765625 | BT11: 0.0009765625 | BU11: 0.0009765625 | BV11: 0.0009765625 | BW11: 0.0009765625 | BX11: 0.0009765625 | BY11: 0.0009765625 | BZ11: 0.0009765625 | CA11: 0.0009765625 | CB11: NaN | CC11: 0.0009765625 | CD11: 0.001953125 | CE11: NaN | CF11: 0.015625 | CG11: NaN | CH11: NaN | CI11: NaN | CJ11: 0.00390625 | CK11: 0.00390625 | CL11: 0.001953125 | CM11: 0.001953125 | CN11: NaN | CO11: NaN | CP11: =CP10/2 -> 0.0009765625 | CQ11: =CQ10/2 -> 0.0009765625 | CR11: =CR10/2 -> 0.015625 | CS11: =CS10/2 -> 0.015625 | CT11: =CT10/2 -> 0.001953125 | CU11: =CU10/2 -> 0.001953125 | CV11: =CV10/2 -> 0.001953125 | CW11: =CW10/2 -> 0.001953125 | ... DC11: =DC10/2 -> 0.001953125 | DD11: NaN | DE11: NaN | DF11: 0.0009765625 | DG11: 0.0009765625 | DH11: =DH10/2 -> 0.0009765625 | DI11: =DI10/2 -> 0.001953125 | DJ11: =DJ10/2 -> 0.001953125 | DK11: =DK10/2 -> 0.0009765625 | DL11: =DL10/2 -> 0.001953125 | DM11: =DM10/2 -> 0.0009765625 | DN11: =DN10/2 -> 0.0009765625 | DO11: =DO10/2 -> 0.0009765625 | DP11: =DP10/2 -> 0.0009765625 | DQ11: 0.0009765625 | DR11: 0.0009765625 | DS11: =DS10/2 -> 0.0028515625 | DT11: =DT10/2 -> 0.002734375 | DU11: 0.0078125 | DV11: 0.0078125
A12: 0.0078125 | B12: 0.0078125 | C12: 0.0078125 | D12: 0.0078125 | E12: 0.0078125 | F12: NaN | G12: 0.0078125 | H12: NaN | I12: NaN | J12: 0.0078125 | K12: 0.0078125 | L12: 0.0078125 | M12: 0.0078125 | N12: 0.0078125 | O12: 0.0078125 | P12: 0.0078125 | Q12: 0.0078125 | R12: 0.0078125 | S12: 0.0078125 | T12: 0.0078125 | U12: 0.0078125 | V12: 0.0078125 | W12: 0.0078125 | X12: NaN | Y12: 0.0078125 | Z12: 0.0078125 | AA12: NaN | AB12: 0.0078125 | AC12: NaN | AD12: 0.0078125 | AE12: NaN | AF12: 0.0078125 | AG12: 0.0078125 | AH12: 0.0078125 | AI12: NaN | AJ12: NaN | AK12: 0.0009765625 | AL12: NaN | AM12: NaN | AN12: =AN11/2 -> 0.00048828125 | AO12: NaN | AP12: NaN | AQ12: NaN | AR12: NaN | AS12: NaN | AT12: NaN | AU12: NaN | AV12: 0.0078125 | AW12: 0.0078125 | AX12: 0.0078125 | AY12: 0.0078125 | AZ12: 0.0078125 | BA12: 0.0078125 | BB12: 0.0078125 | BC12: 0.0078125 | BD12: 0.0078125 | BE12: 0.0078125 | BF12: 0.0078125 | BG12: 0.0078125 | BH12: 0.0078125 | BI12: 0.0078125 | BJ12: 0.0078125 | BK12: 0.0078125 | BL12: 0.0078125 | BM12: 0.0078125 | BN12: 0.0078125 | BO12: 0.0078125 | BP12: 0.0078125 | BQ12: 0.0078125 | BR12: NaN | BS12: NaN | BT12: NaN | BU12: NaN | BV12: NaN | BW12: NaN | BX12: NaN | BY12: NaN | BZ12: NaN | CA12: NaN | CB12: NaN | CC12: NaN | CD12: NaN | CE12: NaN | CF12: NaN | CG12: NaN | CH12: NaN | CI12: NaN | CJ12: NaN | CK12: NaN | CL12: NaN | CM12: NaN | CN12: NaN | CO12: NaN | CP12: NaN | CQ12: NaN | CR12: =CR11/2 -> 0.0078125 | CS12: =CS11/2 -> 0.0078125 | CT12: =CT11/2 -> 0.0009765625 | CU12: =CU11/2 -> 0.0009765625 | CV12: =CV11/2 -> 0.0009765625 | CW12: =CW11/2 -> 0.0009765625 | CX12: =CX11/2 -> 0.0009765625 | CY12: =CY11/2 -> 0.0009765625 | ... DC12: =DC11/2 -> 0.0009765625 | DD12: NaN | DE12: NaN | DF12: 0.00048828125 | DG12: NaN | DH12: NaN | DI12: NaN | DJ12: NaN | DK12: NaN | DL12: =DL11/2 -> 0.0009765625 | DM12: NaN | DN12: NaN | DO12: NaN | DP12: NaN | DQ12: 0.00048828125 | DR12: 0.00048828125 | DS12: NaN | DT12: NaN | DU12: NaN | DV12: NaN
A13: NaN | B13: 0.00390625 | C13: 0.00390625 | D13: 0.00390625 | E13: NaN | F13: NaN | G13: 0.00390625 | H13: NaN | I13: NaN | J13: 0.00390625 | K13: 0.00390625 | L13: 0.00390625 | M13: 0.00390625 | N13: NaN | O13: 0.00390625 | P13: 0.00390625 | Q13: 0.00390625 | R13: 0.00390625 | S13: 0.00390625 | T13: 0.00390625 | U13: NaN | V13: 0.00390625 | W13: 0.00390625 | X13: NaN | Y13: 0.00390625 | Z13: 0.00390625 | AA13: NaN | AB13: 0.00390625 | AC13: NaN | AD13: 0.00390625 | AE13: NaN | AF13: 0.001953125 | AG13: 0.00390625 | AH13: 0.00390625 | AI13: NaN | AJ13: NaN | AK13: NaN | AL13: NaN | AM13: NaN | AN13: NaN | AO13: NaN | AP13: NaN | AQ13: NaN | AR13: NaN | AS13: NaN | AT13: NaN | AU13: NaN | AV13: NaN | AW13: 0.00390625 | AX13: 0.00390625 | AY13: 0.00390625 | AZ13: 0.00390625 | BA13: NaN | BB13: 0.00390625 | BC13: NaN | BD13: NaN | BE13: 0.00390625 | BF13: NaN | BG13: 0.00390625 | BH13: 0.00390625 | BI13: 0.00390625 | BJ13: 0.00390625 | BK13: 0.00390625 | BL13: 0.00390625 | BM13: 0.00390625 | BN13: 0.00390625 | BO13: 0.00390625 | BP13: 0.00390625 | BQ13: 0.00390625 | BR13: NaN | BS13: NaN | BT13: NaN | BU13: NaN | BV13: NaN | BW13: NaN | BX13: NaN | BY13: NaN | BZ13: NaN | CA13: NaN | CB13: NaN | CC13: NaN | CD13: NaN | CE13: NaN | CF13: NaN | CG13: NaN | CH13: NaN | CI13: NaN | CJ13: NaN | CK13: NaN | CL13: NaN | CM13: NaN | CN13: NaN | CO13: NaN | CP13: NaN | CQ13: NaN | CR13: =CR12/2 -> 0.00390625 | CS13: =CS12/2 -> 0.00390625 | CT13: NaN | CU13: NaN | CV13: NaN | CW13: NaN | CX13: NaN | CY13: NaN | CZ13: NaN | DA13: NaN | DB13: NaN | DC13: NaN | DD13: NaN | DE13: NaN | DF13: NaN | DG13: NaN | DH13: NaN | DI13: NaN | DJ13: NaN | DK13: NaN | DL13: NaN | DM13: NaN | DN13: NaN | DO13: NaN | DP13: NaN | DQ13: 0.00024414062 | DR13: NaN | DS13: NaN | DT13: NaN | DU13: NaN | DV13: NaN
A14: NaN | B14: 0.001953125 | C14: 0.001953125 | D14: 0.001953125 | E14: NaN | F14: NaN | G14: 0.001953125 | H14: NaN | I14: NaN | J14: 0.001953125 | K14: 0.001953125 | L14: 0.001953125 | M14: 0.001953125 | N14: NaN | O14: 0.001953125 | P14: 0.001953125 | Q14: 0.001953125 | R14: NaN | S14: 0.001953125 | T14: NaN | U14: NaN | V14: NaN | W14: 0.001953125 | X14: NaN | Y14: 0.001953125 | Z14: 0.001953125 | AA14: NaN | AB14: NaN | AC14: NaN | AD14: NaN | AE14: NaN | AF14: NaN | AG14: 0.001953125 | AH14: 0.001953125 | AI14: NaN | AJ14: NaN | AK14: NaN | AL14: NaN | AM14: NaN | AN14: NaN | AO14: NaN | AP14: NaN | AQ14: NaN | AR14: NaN | AS14: NaN | AT14: NaN | AU14: NaN | AV14: NaN | AW14: 0.001953125 | AX14: 0.001953125 | AY14: 0.0009765625 | AZ14: NaN | BA14: NaN | BB14: NaN | BC14: NaN | BD14: NaN | BE14: 0.001953125 | BF14: NaN | BG14: 0.001953125 | BH14: 0.001953125 | BI14: 0.001953125 | BJ14: NaN | BK14: 0.001953125 | BL14: 0.001953125 | BM14: 0.001953125 | BN14: NaN | BO14: 0.001953125 | BP14: NaN | BQ14: 0.001953125 | BR14: NaN | BS14: NaN | BT14: NaN | BU14: NaN | BV14: NaN | BW14: NaN | BX14: NaN | BY14: NaN | BZ14: NaN | CA14: NaN | CB14: NaN | CC14: NaN | CD14: NaN | CE14: NaN | CF14: NaN | CG14: NaN | CH14: NaN | CI14: NaN | CJ14: NaN | CK14: NaN | CL14: NaN | CM14: NaN | CN14: NaN | CO14: NaN | CP14: NaN | CQ14: NaN | CR14: =CR13/2 -> 0.001953125 | CS14: =CS13/2 -> 0.001953125 | CT14: NaN | CU14: NaN | CV14: NaN | CW14: NaN | CX14: NaN | CY14: NaN | CZ14: NaN | DA14: NaN | DB14: NaN | DC14: NaN | DD14: NaN | DE14: NaN | DF14: NaN | DG14: NaN | DH14: NaN | DI14: NaN | DJ14: NaN | DK14: NaN | DL14: NaN | DM14: NaN | DN14: NaN | DO14: NaN | DP14: NaN | DQ14: NaN | DR14: NaN | DS14: NaN | DT14: NaN | DU14: NaN | DV14: NaN
A15: NaN | B15: 0.0009765625 | C15: 0.0009765625 | D15: 0.0009765625 | E15: NaN | F15: NaN | G15: NaN | H15: NaN | I15: NaN | J15: NaN | K15: 0.0009765625 | L15: 0.0009765625 | M15: 0.0009765625 | N15: NaN | O15: NaN | P15: 0.0009765625 | Q15: 0.0009765625 | R15: NaN | S15: 0.0009765625 | T15: NaN | U15: NaN | V15: NaN | W15: NaN | X15: NaN | Y15: 0.0009765625 | Z15: NaN | AA15: NaN | AB15: NaN | AC15: NaN | AD15: NaN | AE15: NaN | AF15: NaN | AG15: 0.0009765625 | AH15: 0.0009765625 | AI15: NaN | AJ15: NaN | AK15: NaN | AL15: NaN | AM15: NaN | AN15: NaN | AO15: NaN | AP15: NaN | AQ15: NaN | AR15: NaN | AS15: NaN | AT15: NaN | AU15: NaN | AV15: NaN | AW15: 0.0009765625 | AX15: 0.0009765625 | AY15: NaN | AZ15: NaN | BA15: NaN | BB15: NaN | BC15: NaN | BD15: NaN | BE15: NaN | BF15: NaN | BG15: 0.0009765625 | BH15: 0.0009765625 | BI15: 0.0009765625 | BJ15: NaN | BK15: NaN | BL15: 0.0009765625 | BM15: NaN | BN15: NaN | BO15: NaN | BP15: NaN | BQ15: 0.0009765625 | BR15: NaN | BS15: NaN | BT15: NaN | BU15: NaN | BV15: NaN | BW15: NaN | BX15: NaN | BY15: NaN | BZ15: NaN | CA15: NaN | CB15: NaN | CC15: NaN | CD15: NaN | CE15: NaN | CF15: NaN | CG15: NaN | CH15: NaN | CI15: NaN | CJ15: NaN | CK15: NaN | CL15: NaN | CM15: NaN | CN15: NaN | CO15: NaN | CP15: NaN | CQ15: NaN | CR15: =CR14/2 -> 0.0009765625 | CS15: =CS14/2 -> 0.0009765625 | CT15: NaN | CU15: NaN | CV15: NaN | CW15: NaN | CX15: NaN | CY15: NaN | CZ15: NaN | DA15: NaN | DB15: NaN | DC15: NaN | DD15: NaN | DE15: NaN | DF15: NaN | DG15: NaN | DH15: NaN | DI15: NaN | DJ15: NaN | DK15: NaN | DL15: NaN | DM15: NaN | DN15: NaN | DO15: NaN | DP15: NaN | DQ15: NaN | DR15: NaN | DS15: NaN | DT15: NaN | DU15: NaN | DV15: NaN
A16: NaN | B16: NaN | C16: NaN | D16: NaN | E16: NaN | F16: NaN | G16: NaN | H16: NaN | I16: NaN | J16: NaN | K16: NaN | L16: NaN | M16: NaN | N16: NaN | O16: NaN | P16: NaN | Q16: NaN | R16: NaN | S16: NaN | T16: NaN | U16: NaN | V16: NaN | W16: NaN | X16: NaN | Y16: NaN | Z16: NaN | AA16: NaN | AB16: NaN | AC16: NaN | AD16: NaN | AE16: NaN | AF16: NaN | AG16: 0.00048828125 | AH16: 0.00048828125 | AI16: NaN | AJ16: NaN | AK16: NaN | AL16: NaN | AM16: NaN | AN16: NaN | AO16: NaN | AP16: NaN | AQ16: NaN | AR16: NaN | AS16: NaN | AT16: NaN | AU16: NaN | AV16: NaN | AW16: NaN | AX16: NaN | AY16: NaN | AZ16: NaN | BA16: NaN | BB16: NaN | BC16: NaN | BD16: NaN | BE16: NaN | BF16: NaN | BG16: NaN | BH16: NaN | BI16: NaN | BJ16: NaN | BK16: NaN | BL16: NaN | BM16: NaN | BN16: NaN | BO16: NaN | BP16: NaN | BQ16: NaN | BR16: NaN | BS16: NaN | BT16: NaN | BU16: NaN | BV16: NaN | BW16: NaN | BX16: NaN | BY16: NaN | BZ16: NaN | CA16: NaN | CB16: NaN | CC16: NaN | CD16: NaN | CE16: NaN | CF16: NaN | CG16: NaN | CH16: NaN | CI16: NaN | CJ16: NaN | CK16: NaN | CL16: NaN | CM16: NaN | CN16: NaN | CO16: NaN | CP16: NaN | CQ16: NaN | CR16: NaN | CS16: NaN | CT16: NaN | CU16: NaN | CV16: NaN | CW16: NaN | CX16: NaN | CY16: NaN | CZ16: NaN | DA16: NaN | DB16: NaN | DC16: NaN | DD16: NaN | DE16: NaN | DF16: NaN | DG16: NaN | DH16: NaN | DI16: NaN | DJ16: NaN | DK16: NaN | DL16: NaN | DM16: NaN | DN16: NaN | DO16: NaN | DP16: NaN | DQ16: NaN | DR16: NaN | DS16: NaN | DT16: NaN | DU16: NaN | DV16: NaN

Sheet CMC Surface Tension 
A1: Measured solution surface tensions at specified concentrations, used to calculate CMC values, units are mN/m, NaN values in place to create even-rowed columns
A3: ='Indiv. Surfactant Key'!A3 -> TMN6 | B3: ='Indiv. Surfactant Key'!A4 -> T15-S-7 | C3: ='Indiv. Surfactant Key'!A5 -> TrX45 | D3: ='Indiv. Surfactant Key'!A6 -> TrX114 | E3: ='Indiv. Surfactant Key'!A74 -> LinSucSulf | F3: ='Indiv. Surfactant Key'!A7 -> T4 | G3: ='Indiv. Surfactant Key'!A75 -> TrCG-425 | H3: ='Indiv. Surfactant Key'!A8 -> AlfSodSalt | I3: ='Indiv. Surfactant Key'!A76 -> AlphaFoam | J3: ='Indiv. Surfactant Key'!A77 -> D5575 | K3: ='Indiv. Surfactant Key'!A78 -> D5244 | L3: ='Indiv. Surfactant Key'!A79 -> D193 | M3: ='Indiv. Surfactant Key'!A80 -> D501W | N3: ='Indiv. Surfactant Key'!A81 -> D198 | O3: ='Indiv. Surfactant Key'!A82 -> D5604 | P3: ='Indiv. Surfactant Key'!A10 -> D502W | Q3: ='Indiv. Surfactant Key'!A83 -> D5098 | R3: ='Indiv. Surfactant Key'!A11 -> SDS | S3: ='Indiv. Surfactant Key'!A12 -> TrX100 | T3: ='Indiv. Surfactant Key'!A84 -> Silphos | U3: ='Indiv. Surfactant Key'!A85 -> Silsurf | V3: ='Indiv. Surfactant Key'!A13 -> CTAB | W3: ='Formulation Names Mix CMC Data'!A38 -> Cap_DGBE | X3: ='Indiv. Surfactant Key'!A14 -> Cap | Y3: ='Indiv. Surfactant Key'!A15 -> L77 | Z3: ='Indiv. Surfactant Key'!A16 -> PFOA | AA3: ='Indiv. Surfactant Key'!A86 -> D67 | AB3: ='Formulation Names Mix CMC Data'!A39 -> G225_DGBE | AC3: ='Formulation Names Mix CMC Data'!A40 -> G600_DGBE | AD3: ='Formulation Names Mix CMC Data'!A41 -> G215_DGBE | AE3: ='Formulation Names Mix CMC Data'!A42 -> Gel6185_DGBE | AF3: ='Indiv. Surfactant Key'!A17 -> NRL_N10358-107 | AG3: ='Indiv. Surfactant Key'!A18 -> NRL_N10358-106 | AH3: ='Indiv. Surfactant Key'!A19 -> NRL_N10358-135 | AI3: ='Indiv. Surfactant Key'!A20 -> NRL_N10477-12 | AJ3: ='Indiv. Surfactant Key'!A21 -> NRL_N10358-176 | AK3: ='Indiv. Surfactant Key'!A22 -> NRL_N10358-174 | AL3: ='Indiv. Surfactant Key'!A23 -> NRL_N10358-169 | AM3: ='Indiv. Surfactant Key'!A24 -> NRL_N10477-01 | AN3: ='Indiv. Surfactant Key'!A25 -> NRL_N10358-161 | AO3: ='Indiv. Surfactant Key'!A26 -> NRL_N10477-09 | AP3: ='Indiv. Surfactant Key'!A27 -> NRL_N10477-07 | AQ3: ='Indiv. Surfactant Key'!A28 -> NRL_N10477-03 | AR3: ='Indiv. Surfactant Key'!A29 -> NRL_N10477-05 | AS3: ='Indiv. Surfactant Key'!A30 -> Gel6185 | AT3: ='Indiv. Surfactant Key'!A31 -> G215 | AU3: ='Indiv. Surfactant Key'!A32 -> G225 | AV3: ='Formulation Names Mix CMC Data'!A4 -> TMN6_G215_3_2 | AW3: ='Formulation Names Mix CMC Data'!A5 -> T15-S-7_G215_3_2 | AX3: ='Formulation Names Mix CMC Data'!A6 -> TrX45_G215_3_2 | AY3: ='Formulation Names Mix CMC Data'!A7 -> TrX114_G215_3_2 | AZ3: ='Formulation Names Mix CMC Data'!A8 -> LinSucSulf_G215_3_2 | BA3: ='Formulation Names Mix CMC Data'!A9 -> T4_G215_3_2 | BB3: ='Formulation Names Mix CMC Data'!A10 -> TrCG-425_G215_3_2 | BC3: ='Formulation Names Mix CMC Data'!A11 -> AlfSodSalt_G215_3_2 | BD3: ='Formulation Names Mix CMC Data'!A12 -> AlphaFoam_G215_3_2 | BE3: ='Formulation Names Mix CMC Data'!A13 -> Mys_G215_3_2 | BF3: ='Formulation Names Mix CMC Data'!A14 -> D5575_G215_3_2 | BG3: ='Formulation Names Mix CMC Data'!A15 -> D5244_G215_3_2 | BH3: ='Formulation Names Mix CMC Data'!A16 -> D193_G215_3_2 | BI3: ='Formulation Names Mix CMC Data'!A17 -> D501W_G215_3_2 | BJ3: ='Formulation Names Mix CMC Data'!A18 -> D198_G215_3_2 | BK3: ='Formulation Names Mix CMC Data'!A19 -> D5604_G215_3_2 | BL3: ='Formulation Names Mix CMC Data'!A20 -> D502W_G215_3_2 | BM3: ='Formulation Names Mix CMC Data'!A21 -> D5098_G215_3_2 | BN3: ='Formulation Names Mix CMC Data'!A22 -> SDS_G215_3_2 | BO3: ='Formulation Names Mix CMC Data'!A23 -> TrX100_G215_3_2 | BP3: ='Formulation Names Mix CMC Data'!A24 -> Silphos_G215_3_2 | BQ3: ='Formulation Names Mix CMC Data'!A25 -> L77_G215_3_2 | BR3: ='Formulation Names Mix CMC Data'!A26 -> D502W_TrX100_3_2 | BS3: ='Formulation Names Mix CMC Data'!A27 -> D67_G215_3_2 | BT3: ='Formulation Names Mix CMC Data'!A28 -> D502W_G215_2_3 | BU3: ='Formulation Names Mix CMC Data'!A29 -> D502W_G225_2_3 | BV3: ='Formulation Names Mix CMC Data'!A30 -> D502W_G600_2_3 | BW3: ='Formulation Names Mix CMC Data'!A31 -> Gel6492.6_G215_3_2 | BX3: ='Formulation Names Mix CMC Data'!A32 -> T15-S-9_G215_3_2 | BY3: ='Formulation Names Mix CMC Data'!A33 -> T15-S-12_G215_3_2 | BZ3: ='Formulation Names Mix CMC Data'!A34 -> L77_G225_2_3 | CA3: ='Formulation Names Mix CMC Data'!A35 -> D67_G225_2_3 | CB3: ='Formulation Names Mix CMC Data'!A36 -> D502W_C6G2_1_1 | CC3: ='Formulation Names Mix CMC Data'!A37 -> Gel6185_G215_3_2 | CD3: ='Indiv. Surfactant Key'!A53 -> CL_MD2086-97 | CE3: ='Indiv. Surfactant Key'!A54 -> CL_MD2012-16 | CF3: ='Indiv. Surfactant Key'!A55 -> NRL_CB-1-123 | CG3: ='Formulation Names Mix CMC Data'!A43 -> CL_MD2086-97_G225_2_3 | CH3: ='Formulation Names Mix CMC Data'!A44 -> CL_MD2012-16_G225_2_3 | CI3: ='Formulation Names Mix CMC Data'!A45 -> NRL_CB-1-123_G225_2_3 | CJ3: ='Indiv. Surfactant Key'!A59 -> CL_MD2102-54 | CK3: ='Formulation Names Mix CMC Data'!A46 -> CL_MD2102-54_G225_2_3 | CL3: ='Indiv. Surfactant Key'!A64 -> NRL_LBII43 | CM3: ='Formulation Names Mix CMC Data'!A47 -> NRL_LBII43_G225_2_3 | CN3: ='Formulation Names Mix CMC Data'!A48 -> NRL_CB_DTBTS_SB_G225_2_3 | CO3: ='Formulation Names Mix CMC Data'!A49 -> NRL_N10478-233_G225_2_3 | CP3: ='Formulation Names Mix CMC Data'!A50 -> Cap_TrX100_3_2 | CQ3: ='Formulation Names Mix CMC Data'!A51 -> Cap_G225_3_2 | CR3: ='Formulation Names Mix CMC Data'!A52 -> CL_MD2062-57_G225_2_3 | CS3: ='Formulation Names Mix CMC Data'!A53 -> NRL_N10477-05_G225_2_3 | CT3: ='Formulation Names Mix CMC Data'!A54 -> D502W_C7G1_1_1 | CU3: ='Formulation Names Mix CMC Data'!A55 -> D502W_C7G1_1_1 | CV3: ='Formulation Names Mix CMC Data'!A56 -> D502W_C8G1_1_1 | CW3: ='Formulation Names Mix CMC Data'!A57 -> D502W_C9G2_1_1 | CX3: ='Formulation Names Mix CMC Data'!A58 -> D502W_C10G2_1_1 | CY3: ='Formulation Names Mix CMC Data'!A59 -> D502W_C12G2_1_1 | CZ3: ='Formulation Names Mix CMC Data'!A60 -> D502W_C8G2_1_1 | DA3: ='Formulation Names Mix CMC Data'!A61 -> D502W_iC8G2_1_1 | DB3: ='Formulation Names Mix CMC Data'!A62 -> D502W_Cymal_1_1 | DC3: ='Formulation Names Mix CMC Data'!A63 -> D502W_C8SG2_1_1 | DD3: ='Indiv. Surfactant Key'!A69 -> CL_MD2102-90 | DE3: ='Formulation Names Mix CMC Data'!A64 -> CL_MD2102-90_G225_2_3 | DF3: ='Indiv. Surfactant Key'!A71 -> CL_MD2102-118 | DG3: ='Formulation Names Mix CMC Data'!A65 -> CL_MD2102-118_G225_2_3 | DH3: ='Formulation Names Mix CMC Data'!A66 -> Cap_TrGR-5M_3_2 | DI3: ='Formulation Names Mix CMC Data'!A67 -> NRL_N10478-198_G225_1_5 | DJ3: ='Formulation Names Mix CMC Data'!A68 -> NRL_N10358-174_G225_2_3 | DK3: ='Formulation Names Mix CMC Data'!A69 -> NRL_N10358-176_G225_2_3 | DL3: ='Formulation Names Mix CMC Data'!A70 -> NRL_N10477-01_G225_2_3 | DM3: ='Formulation Names Mix CMC Data'!A71 -> NRL_N10477-03_G225_2_3 | DN3: ='Formulation Names Mix CMC Data'!A72 -> NRL_N10477-09_G225_2_3 | DO3: ='Formulation Names Mix CMC Data'!A73 -> NRL_N10477-07_G225_2_3 | DP3: ='Formulation Names Mix CMC Data'!A74 -> NRL_N10477-12_G225_2_3 | DQ3: ='Indiv. Surfactant Key'!A70 -> CL_MD2102-112 | DR3: ='Formulation Names Mix CMC Data'!A76 -> CL_MD2102-112_G225_2_3 | DS3: ='Formulation Names Mix CMC Data'!A77 -> CL_MD2062-124_G225_1_4.6 | DT3: ='Formulation Names Mix CMC Data'!A78 -> NRL_N10477-189_G225_1_6 | DU3: ='Indiv. Surfactant Key'!A72 -> NRL_CB-1-192 | DV3: ='Formulation Names Mix CMC Data'!A80 -> NRL_CB-1-192_G225_2_3
A4: 26.228 | B4: 28.151 | C4: 27.568 | D4: 28.781 | E4: 30.388 | F4: 29.343 | G4: 28.843 | H4: 27.589 | I4: 33.097 | J4: 31.446 | K4: 35.844 | L4: 28.174 | M4: 19.576 | N4: 34.366 | O4: 31.316 | P4: 21.336 | Q4: 27.614 | R4: 34.86 | S4: 30.809 | T4: 26.391 | U4: 31.453 | V4: 35.17 | W4: 15.53 | X4: 16.149 | Y4: 19.43 | Z4: 16.382 | AA4: 19.21 | AB4: 28.091 | AC4: 27.236 | AD4: 27.943 | AE4: 19.172 | AF4: 36.447 | AG4: 29.286 | AH4: 19.415 | AI4: 19.547 | AJ4: 20.239 | AK4: 24.002 | AL4: 31.312 | AM4: 20.382 | AN4: 23.699 | AO4: 25.328 | AP4: 18.992 | AQ4: 19.933 | AR4: 22.356 | AS4: 19.463 | AT4: 28.14 | AU4: 28.791 | AV4: 25.836 | AW4: 27.837 | AX4: 27.161 | AY4: 28.573 | AZ4: 31.21 | BA4: 27.9 | BB4: 28.577 | BC4: 27.873 | BD4: 31.357 | BE4: 30.451 | BF4: 30.159 | BG4: 30.457 | BH4: 28.833 | BI4: 20.951 | BJ4: 30.967 | BK4: 30.71 | BL4: 22.509 | BM4: 27.817 | BN4: 33.75 | BO4: 30.566 | BP4: 26.71 | BQ4: 19.422 | BR4: 22.597 | BS4: 19.857 | BT4: 22.027 | BU4: 22.467 | BV4: 23.1236 | BW4: 20.476 | BX4: 29.796 | BY4: 31.339 | BZ4: 20.577 | CA4: 21.182 | CB4: 21.922 | CC4: 19.994 | CD4: 19.436 | CE4: 25.786 | CF4: 20.762 | CG4: 20.134 | CH4: 23.359 | CI4: 23.007 | CJ4: 19.357 | CK4: 20.926 | CL4: 20.664 | CM4: 21.385 | CN4: 23.826 | CO4: 20.494 | CP4: 15.848 | CQ4: 14.869 | CR4: 19.205 | CS4: =24.797 -> 24.797 | CT4: 22.715 | CU4: 21.527 | CV4: 23.272 | CW4: 24.114 | CX4: 23.778 | CY4: =23.837 -> 23.837 | CZ4: 23.161 | DA4: 22.8 | DB4: 22.167 | DC4: 23.605 | DD4: 28.489 | DE4: 27.213 | DF4: 19.579 | DG4: 20.281 | DH4: 17.726 | DI4: 21.135 | DJ4: 24.77 | DK4: =22.295 -> 22.295 | DL4: 23.147 | DM4: 21.558 | DN4: =25.848 -> 25.848 | DO4: 20.994 | DP4: 19.448 | DQ4: 19.183 | DR4: 20.315 | DS4: 21.469 | DT4: 24.999 | DU4: 33.172 | DV4: 27.005
A5: 26.024 | B5: 27.748 | C5: 27.019 | D5: 28.5 | E5: 31.462 | F5: 29.932 | G5: 28.3 | H5: 31.26 | I5: 29.278 | J5: 30.762 | K5: 37.013 | L5: 28.23 | M5: 19.568 | N5: 34.53 | O5: 31.559 | P5: 20.658 | Q5: 27.763 | R5: 35.644 | S5: 31.062 | T5: 26.788 | U5: 32.305 | V5: 36.265 | W5: 15.711 | X5: 15.079 | Y5: 19.905 | Z5: 17.242 | AA5: 19.577 | AB5: 28.298 | AC5: 27.405 | AD5: 27.646 | AE5: 19.177 | AF5: 35.495 | AG5: 28.341 | AH5: 19.267 | AI5: 19.462 | AJ5: 20.09 | AK5: 24.027 | AL5: 31.0124 | AM5: 20.35 | AN5: 23.539 | AO5: 25.454 | AP5: 19.93 | AQ5: 19.992 | AR5: 22.4 | AS5: 19.413 | AT5: 28.027 | AU5: 28.488 | AV5: 24.854 | AW5: 28.147 | AX5: 27.428 | AY5: 28.877 | AZ5: 32.234 | BA5: 27.537 | BB5: 28.504 | BC5: 27.609 | BD5: 30.558 | BE5: 31.848 | BF5: 31.001 | BG5: 32.364 | BH5: 28.596 | BI5: 20.139 | BJ5: 32.295 | BK5: 30.98 | BL5: 21.658 | BM5: 27.365 | BN5: 34.63 | BO5: 30.11 | BP5: 26.405 | BQ5: 19.533 | BR5: 21.589 | BS5: 19.804 | BT5: 21.56 | BU5: 21.167 | BV5: 22.654 | BW5: 19.864 | BX5: 29.635 | BY5: 31.167 | BZ5: 20.389 | CA5: 20.442 | CB5: 21.066 | CC5: 19.478 | CD5: 19.47 | CE5: 25.888 | CF5: 20.733 | CG5: 20.269 | CH5: 23.7 | CI5: 23.618 | CJ5: 20.128 | CK5: 21.333 | CL5: 20.494 | CM5: 21.622 | CN5: 24.91 | CO5: 20.48 | CP5: 16.507 | CQ5: 15.763 | CR5: 19.59 | CS5: 23.807 | CT5: 21.29 | CU5: 21.376 | CV5: 22.602 | CW5: 23.445 | CX5: 23.994 | CY5: 23.909 | CZ5: 22.011 | DA5: 21.576 | DB5: 21.636 | DC5: 23.179 | DD5: 28.762 | DE5: 26.452 | DF5: 20.064 | DG5: 20.377 | DH5: 17.764 | DI5: 21.217 | DJ5: 23.913 | DK5: 21.064 | DL5: 22.548 | DM5: 20.782 | DN5: 25.432 | DO5: 20.374 | DP5: 19.011 | DQ5: 20.46 | DR5: 19.386 | DS5: 21.49 | DT5: 25.264 | DU5: 33.542 | DV5: 27.194
A6: 25.651 | B6: 27.646 | C6: 27.395 | D6: 28.655 | E6: 32.011 | F6: 34.962 | G6: 28.551 | H6: 35.036 | I6: 31.597 | J6: 31.468 | K6: 37.316 | L6: 28.918 | M6: 19.941 | N6: 35.899 | O6: 32.317 | P6: 21.151 | Q6: 27.844 | R6: 36.587 | S6: 30.801 | T6: 27.052 | U6: 32.949 | V6: 36.362 | W6: 15.084 | X6: 18.936 | Y6: 19.688 | Z6: 20.312 | AA6: 19.89 | AB6: 27.524 | AC6: 28.22 | AD6: 26.736 | AE6: 19.427 | AF6: 35.946 | AG6: 28.653 | AH6: 19.492 | AI6: 19.518 | AJ6: 20.289 | AK6: 23.23 | AL6: 35.418 | AM6: 21.511 | AN6: 24.256 | AO6: 25.081 | AP6: 20.241 | AQ6: 19.865 | AR6: 22.422 | AS6: 19.365 | AT6: 27.394 | AU6: 27.865 | AV6: 26.046 | AW6: 27.594 | AX6: 27.132 | AY6: 28.494 | AZ6: 32.696 | BA6: 27.375 | BB6: 28.517 | BC6: 27.068 | BD6: 28.241 | BE6: 32.301 | BF6: 31.913 | BG6: 34.244 | BH6: 28.685 | BI6: 20.258 | BJ6: 33.804 | BK6: 31.563 | BL6: 21.074 | BM6: 27.761 | BN6: 34.733 | BO6: 30.369 | BP6: 26.719 | BQ6: 19.561 | BR6: 22.71 | BS6: 20.16 | BT6: 23.814 | BU6: 22.361 | BV6: 23.44 | BW6: 20.429 | BX6: 29.573 | BY6: 31.69 | BZ6: 20.763 | CA6: 20.9 | CB6: 22.593 | CC6: 19.948 | CD6: 21.289 | CE6: 31.504 | CF6: 21.124 | CG6: 20.343 | CH6: 24.878 | CI6: 24.528 | CJ6: 20.247 | CK6: 21.753 | CL6: 20.803 | CM6: 21.679 | CN6: 28.902 | CO6: 20.834 | CP6: 21.847 | CQ6: 19.731 | CR6: 19.795 | CS6: 23.744 | CT6: 21.091 | CU6: 20.773 | CV6: 21.054 | CW6: 21.296 | CX6: 22.1 | CY6: 23.755 | CZ6: 21.053 | DA6: 20.63 | DB6: 20.81 | DC6: 21.34 | DD6: 30.749 | DE6: 26.035 | DF6: 20.141 | DG6: 20.953 | DH6: 17.292 | DI6: 21.131 | DJ6: 24.367 | DK6: 22.872 | DL6: 22.478 | DM6: 21.383 | DN6: 25.422 | DO6: 20.783 | DP6: 19.059 | DQ6: 21.35 | DR6: 20.955 | DS6: 22.879 | DT6: 25.484 | DU6: 34.495 | DV6: 29.893
A7: 25.455 | B7: 27.849 | C7: 27.39 | D7: 28.441 | E7: 33.78 | F7: 40.175 | G7: 28.524 | H7: 42.454 | I7: 41.062 | J7: 32.837 | K7: 38.451 | L7: 29.335 | M7: 19.79 | N7: 35.565 | O7: 32.343 | P7: 21.134 | Q7: 27.943 | R7: 36.19 | S7: 31.085 | T7: 27.715 | U7: 33.825 | V7: 36.8 | W7: 15.673 | X7: 25.414 | Y7: 19.79 | Z7: 30.566 | AA7: 20.351 | AB7: 28.103 | AC7: 30.214 | AD7: 27.124 | AE7: 19.599 | AF7: 35.539 | AG7: 27.459 | AH7: 19.342 | AI7: 19.859 | AJ7: 22.59 | AK7: 25.325 | AL7: 40.8104 | AM7: 24.111 | AN7: 24.41 | AO7: 25.525 | AP7: 20.444 | AQ7: 20.705 | AR7: 26.899 | AS7: 19.222 | AT7: 27.114 | AU7: 27.562 | AV7: 25.91 | AW7: 28.003 | AX7: 27.38 | AY7: 28.147 | AZ7: 33.574 | BA7: 29.136 | BB7: 27.683 | BC7: 28.319 | BD7: 29.08 | BE7: 30.147 | BF7: 32.899 | BG7: 35.975 | BH7: 29.842 | BI7: 19.844 | BJ7: 34.261 | BK7: 32.743 | BL7: 20.812 | BM7: 28.228 | BN7: 32.994 | BO7: 29.992 | BP7: 27.215 | BQ7: 19.504 | BR7: 25.35 | BS7: 21.948 | BT7: 27.933 | BU7: 25.345 | BV7: 25.719 | BW7: 21.992 | BX7: 30.698 | BY7: 34.34 | BZ7: 23.528 | CA7: 23.15 | CB7: 26.004 | CC7: 20.399 | CD7: 23.531 | CE7: 34.617 | CF7: 22.316 | CG7: 26.51 | CH7: 27.838 | CI7: 26.268 | CJ7: 20.773 | CK7: 23.129 | CL7: 20.747 | CM7: 23.646 | CN7: 37.676 | CO7: 22.791 | CP7: 28.075 | CQ7: 28.343 | CR7: 19.459 | CS7: 23.35 | CT7: 23.679 | CU7: 22.498 | CV7: 22.689 | CW7: 22.713 | CX7: 22.687 | CY7: 24.045 | CZ7: 20.998 | DA7: 22.135 | DB7: 22.139 | DC7: 23.684 | DD7: 33.714 | DE7: 29.784 | DF7: 20.438 | DG7: 21.593 | DH7: 20.16 | DI7: 22.968 | DJ7: 28.456 | DK7: 27.004 | DL7: 24.067 | DM7: 25.092 | DN7: 25.708 | DO7: 23.147 | DP7: 19.841 | DQ7: 20.952 | DR7: 21.778 | DS7: 25.509 | DT7: 26.152 | DU7: 36.078 | DV7: 31.942
A8: 25.525 | B8: 27.615 | C8: 27.687 | D8: 28.272 | E8: 34.803 | F8: 44.573 | G8: 28.35 | H8: 46.357 | I8: 48.895 | J8: 33.484 | K8: 38.967 | L8: 29.805 | M8: 19.535 | N8: 37.599 | O8: 32.653 | P8: 21.021 | Q8: 28.906 | R8: 35.81 | S8: 30.928 | T8: 28.747 | U8: 35.582 | V8: 37.47 | W8: 14.91 | X8: 35.939 | Y8: 19.767 | Z8: 37.234 | AA8: 23.003 | AB8: 29.999 | AC8: 32.722 | AD8: 28.766 | AE8: 22.582 | AF8: 35.852 | AG8: 29.081 | AH8: 19.155 | AI8: 20.162 | AJ8: 26.56 | AK8: 30.4349 | AL8: 47.774 | AM8: 28.071 | AN8: 23.99 | AO8: 25.63 | AP8: 21.517 | AQ8: 22.375 | AR8: 31.088 | AS8: 21.583 | AT8: 28.979 | AU8: 30.083 | AV8: 26.078 | AW8: 27.661 | AX8: 26.909 | AY8: 28.031 | AZ8: 35.193 | BA8: 33.582 | BB8: 27.644 | BC8: 34.503 | BD8: 33.844 | BE8: 30.711 | BF8: 33.964 | BG8: 37.865 | BH8: 30.353 | BI8: 19.898 | BJ8: 37.655 | BK8: 33.755 | BL8: 21.047 | BM8: 28.69 | BN8: 30.71 | BO8: 30.353 | BP8: 28.473 | BQ8: 19.369 | BR8: 27.926 | BS8: 25.803 | BT8: 32.571 | BU8: 29.568 | BV8: 29.437 | BW8: 25.874 | BX8: 33.219 | BY8: 36.906 | BZ8: 28.155 | CA8: 28.11 | CB8: 30.153 | CC8: 23.654 | CD8: 24.707 | CE8: 38.23 | CF8: 26.1 | CG8: 30.861 | CH8: 32.709 | CI8: 30.424 | CJ8: 24.022 | CK8: 25.772 | CL8: 22.229 | CM8: 26.784 | CN8: 50.521 | CO8: 27.88 | CP8: 33.409 | CQ8: 38.236 | CR8: 22.11 | CS8: 23.018 | CT8: 27.149 | CU8: 25.795 | CV8: 26.878 | CW8: 25.812 | CX8: 26.727 | CY8: 25.157 | CZ8: 23.334 | DA8: 25.739 | DB8: 26.383 | DC8: 26.978 | DD8: 37.682 | DE8: 36.609 | DF8: 21.211 | DG8: 22.522 | DH8: 27.257 | DI8: 27.453 | DJ8: 33.695 | DK8: 33.617 | DL8: 26.741 | DM8: 29.882 | DN8: 26.321 | DO8: 27.928 | DP8: 23.406 | DQ8: 21.819 | DR8: 22.468 | DS8: 29.548 | DT8: 28.537 | DU8: 38.124 | DV8: 36.476
A9: 27.724 | B9: 27.45 | C9: 27.221 | D9: 28.114 | E9: 37.534 | F9: 49.512 | G9: 28.272 | H9: 50.003 | I9: 56.603 | J9: 35.227 | K9: 40.676 | L9: 31.15 | M9: 19.789 | N9: 39.829 | O9: 34.773 | P9: 20.511 | Q9: 29.693 | R9: 40.941 | S9: 30.404 | T9: 29.972 | U9: 37.443 | V9: 37.958 | W9: 15.424 | X9: 45.279 | Y9: 19.809 | Z9: 45.98 | AA9: 28.481 | AB9: 34.69 | AC9: 39.17 | AD9: 33.041 | AE9: 27.169 | AF9: 35.665 | AG9: 28.608 | AH9: 19.267 | AI9: 23.6315 | AJ9: 31.217 | AK9: 35.627 | AL9: 51.085 | AM9: 33.481 | AN9: 24.325 | AO9: 27.454 | AP9: 26.776 | AQ9: 27.449 | AR9: 35.471 | AS9: 26.046 | AT9: 35.758 | AU9: 34.856 | AV9: 28.715 | AW9: 27.735 | AX9: 27.021 | AY9: 28.329 | AZ9: 36.752 | BA9: 39.071 | BB9: 28.462 | BC9: 39.699 | BD9: 40.356 | BE9: 30.819 | BF9: 37.371 | BG9: 40.463 | BH9: 31.377 | BI9: 19.7 | BJ9: 38.565 | BK9: 34.636 | BL9: 21.319 | BM9: 29.803 | BN9: 33.99 | BO9: 30.025 | BP9: 30.713 | BQ9: 19.45 | BR9: 33.63 | BS9: 30.593 | BT9: 37.817 | BU9: 33.814 | BV9: 34.6903 | BW9: 31.327 | BX9: 37.48 | BY9: 42.399 | BZ9: 34.938 | CA9: 33.294 | CB9: 34.224 | CC9: 28.852 | CD9: 29.261 | CE9: NaN | CF9: 30.473 | CG9: 34.006 | CH9: 37.638 | CI9: 34.508 | CJ9: 26.285 | CK9: 29.11 | CL9: 26.469 | CM9: 31.394 | CN9: 65.65 | CO9: 32.884 | CP9: 41.466 | CQ9: 46.283 | CR9: 25.748 | CS9: 24.027 | CT9: 32.001 | CU9: 30.843 | CV9: 30.664 | CW9: 31.214 | CX9: 31.851 | CY9: 28.31 | CZ9: 27.178 | DA9: 29.824 | DB9: 31.156 | DC9: 31.411 | DD9: 42.252 | DE9: 42.573 | DF9: 22.344 | DG9: 25.661 | DH9: 34.511 | DI9: 31.667 | DJ9: 37.88 | DK9: 37.225 | DL9: 32.79 | DM9: 35.201 | DN9: 30.709 | DO9: 33.036 | DP9: 25.878 | DQ9: 22.966 | DR9: 25.438 | DS9: 34.669 | DT9: 33.948 | DU9: 41.169 | DV9: 42.049
A10: 32.491 | B10: 27.689 | C10: 27.614 | D10: 28.155 | E10: 39.147 | F10: 54.485 | G10: 28.759 | H10: NaN | I10: NaN | J10: 37.793 | K10: 43.413 | L10: 32.497 | M10: 19.66 | N10: 42.044 | O10: 38.016 | P10: 21.493 | Q10: 31.07 | R10: 49.668 | S10: 30.015 | T10: 33.116 | U10: 43.249 | V10: 41.47 | W10: 16.945 | X10: 54.146 | Y10: 20.205 | Z10: 51.03 | AA10: 33.306 | AB10: 35.951 | AC10: 49.077 | AD10: 40.307 | AE10: 32.1044 | AF10: 36.887 | AG10: 28.692 | AH10: 19.528 | AI10: 28.9533 | AJ10: 36.6167 | AK10: 40.524 | AL10: 52.814 | AM10: 37.821 | AN10: 28.089 | AO10: 29.241 | AP10: 31.89 | AQ10: 32.67 | AR10: 40.111 | AS10: 31.966 | AT10: 42.09 | AU10: 42.767 | AV10: 33.136 | AW10: 27.786 | AX10: 27.052 | AY10: 27.837 | AZ10: 39.906 | BA10: 47.311 | BB10: 30.699 | BC10: 49.719 | BD10: 48.433 | BE10: 31.899 | BF10: 39.926 | BG10: 42.955 | BH10: 33.891 | BI10: 19.982 | BJ10: 42.4 | BK10: 36.779 | BL10: 22.491 | BM10: 32.519 | BN10: 41.29 | BO10: 29.811 | BP10: 33.374 | BQ10: 19.424 | BR10: 38.699 | BS10: 36.866 | BT10: 42.891 | BU10: 39.364 | BV10: 40.8885 | BW10: 37.56 | BX10: 42.73 | BY10: 46.982 | BZ10: 42.415 | CA10: 39.467 | CB10: 38.643 | CC10: 36.213 | CD10: 33.576 | CE10: NaN | CF10: 33.889 | CG10: 38.687 | CH10: 42.157 | CI10: NaN | CJ10: 29.984 | CK10: 34.235 | CL10: 31.298 | CM10: 37.905 | CN10: NaN | CO10: 37.937 | CP10: 37.869 | CQ10: 53.487 | CR10: 29.773 | CS10: 26.714 | CT10: 36.566 | CU10: 35.799 | CV10: 35.846 | CW10: 35.012 | CX10: 37.499 | CY10: 33.645 | CZ10: 36.96 | DA10: 34.417 | DB10: 35.237 | DC10: 37.022 | DD10: 46.802 | DE10: 48.887 | DF10: 24.944 | DG10: 31.588 | DH10: 42.322 | DI10: 36.446 | DJ10: 43.364 | DK10: 43.072 | DL10: 38.408 | DM10: 41.158 | DN10: 34.358 | DO10: 40.931 | DP10: 36.281 | DQ10: 23.872 | DR10: 32.137 | DS10: 40.152 | DT10: 38.755 | DU10: 45.256 | DV10: 46.484
A11: 36.664 | B11: 28.287 | C11: 27.792 | D11: 28.196 | E11: 41.671 | F11: NaN | G11: 31.821 | H11: NaN | I11: NaN | J11: 41.722 | K11: 43.792 | L11: 37.518 | M11: 20.266 | N11: 44.776 | O11: 42.054 | P11: 23.698 | Q11: 34.417 | R11: 55.033 | S11: 31.228 | T11: 38.411 | U11: 47.177 | V11: 49.071 | W11: 21.97 | X11: NaN | Y11: 20.046 | Z11: 53.79 | AA11: 39.017 | AB11: 41.744 | AC11: 55.64 | AD11: 49.52 | AE11: 38.829 | AF11: =AVERAGE(54.019,54.827,54.933,54.55,54.639,55.474,55.589,56.015,54.68,54.974) -> 54.97 | AG11: 28.217 | AH11: 19.634 | AI11: 35.429 | AJ11: 40.9991 | AK11: 42.632 | AL11: 54.4608 | AM11: 41.544 | AN11: 36.151 | AO11: 38.851 | AP11: 38.306 | AQ11: 37.564 | AR11: 42.645 | AS11: 36.998 | AT11: 50.544 | AU11: 48.935 | AV11: 37.708 | AW11: 28.8 | AX11: 27.231 | AY11: 29.292 | AZ11: 44.702 | BA11: 52.807 | BB11: 35.637 | BC11: 56.776 | BD11: 58.117 | BE11: 34.876 | BF11: 45.235 | BG11: 45.056 | BH11: 39.297 | BI11: 21.307 | BJ11: 45.273 | BK11: 41.726 | BL11: 25.89 | BM11: 35.827 | BN11: 48.264 | BO11: 34.371 | BP11: 38.619 | BQ11: 22.214 | BR11: 48.188 | BS11: 41.118 | BT11: 45.257 | BU11: 41.214 | BV11: 44.2887 | BW11: 43.646 | BX11: 46.542 | BY11: 48.863 | BZ11: 49.266 | CA11: 46.445 | CB11: NaN | CC11: 42.483 | CD11: 39.011 | CE11: NaN | CF11: 37.623 | CG11: NaN | CH11: NaN | CI11: NaN | CJ11: 33.554 | CK11: 39.694 | CL11: 35.174 | CM11: 41.011 | CN11: NaN | CO11: NaN | CP11: 52.756 | CQ11: 55.396 | CR11: 36.183 | CS11: 32.144 | CT11: 42.882 | CU11: 40.544 | CV11: 41.915 | CW11: 36.316 | CX11: 42.496 | CY11: 40.7 | CZ11: 32.435 | DA11: 38.11 | DB11: 39.494 | DC11: 41.483 | DD11: NaN | DF11: 29.257 | DG11: 38.628 | DH11: 49.415 | DI11: 50.741 | DJ11: 48.144 | DK11: 44.225 | DL11: 42.735 | DM11: 43.879 | DN11: 41.571 | DO11: 45.517 | DP11: 40.779 | DQ11: 27.468 | DR11: 41.715 | DS11: 46.682 | DT11: 43.084 | DU11: 48.715 | DV11: 47.674
A12: 40.717 | B12: 29.949 | C12: 27.772 | D12: 31.49 | E12: 60.015 | F12: NaN | G12: 39.862 | H12: NaN | I12: NaN | J12: 46.462 | K12: 45.459 | L12: 42.221 | M12: 23.967 | N12: 47.005 | O12: 46.418 | P12: 27.622 | Q12: 39.107 | R12: 57.439 | S12: 36.887 | T12: 41.248 | U12: 53.619 | V12: 55.31 | W12: 31.18 | X12: NaN | Y12: 23.292 | Z12: 58.83 | AA12: NaN | AB12: 51.663 | AC12: NaN | AD12: 55.397 | AE12: NaN | AF12: =AVERAGE(59.147,59.666,60.556,60.086,59.946,59.666,60.111,59.929,59.682,59.987) -> 59.8776 | AG12: 28.513 | AH12: 19.618 | AI12: NaN | AJ12: NaN | AK12: 46.9717 | AL12: NaN | AM12: NaN | AN12: 38.86 | AO12: NaN | AP12: NaN | AQ12: NaN | AR12: NaN | AS12: NaN | AT12: NaN | AU12: NaN | AV12: 43.182 | AW12: 31.264 | AX12: 28.586 | AY12: 34.347 | AZ12: 50.186 | BA12: 58.399 | BB12: 43.206 | BC12: 61.237 | BD12: 62.337 | BE12: 38.288 | BF12: 51.606 | BG12: 47.489 | BH12: 45.315 | BI12: 25.58 | BJ12: 47.003 | BK12: 48.257 | BL12: 30.55 | BM12: 41.884 | BN12: 54.831 | BO12: 39.259 | BP12: 43.897 | BQ12: 26.703 | BR12: NaN | BS12: NaN | BT12: NaN | BU12: NaN | BV12: NaN | BW12: NaN | BX12: NaN | BY12: NaN | BZ12: NaN | CA12: NaN | CB12: NaN | CC12: NaN | CD12: NaN | CE12: NaN | CF12: NaN | CG12: NaN | CH12: NaN | CI12: NaN | CJ12: NaN | CK12: NaN | CL12: NaN | CM12: NaN | CN12: NaN | CO12: NaN | CP12: NaN | CQ12: NaN | CR12: 43.456 | CS12: 36.128 | CT12: 46.929 | CU12: 44.422 | CV12: 48.647 | CW12: 42.083 | CX12: 44.776 | CY12: 44.736 | CZ12: 40.989 | DA12: 44.968 | DB12: 45.057 | DC12: 46.679 | DD12: NaN | DE12: NaN | DF12: 39.582 | DG12: NaN | DH12: NaN | DI12: NaN | DJ12: NaN | DK12: NaN | DL12: 46.107 | DM12: NaN | DN12: NaN | DO12: NaN | DP12: NaN | DQ12: 33.992 | DR12: 48.2 | DS12: NaN | DT12: NaN | DU12: NaN | DV12: NaN
A13: NaN | B13: 33.306 | C13: 30.182 | D13: 37.846 | E13: NaN | F13: NaN | G13: 45.092 | H13: NaN | I13: NaN | J13: 49.918 | K13: 47.992 | L13: 47.32 | M13: 29.497 | N13: NaN | O13: 49.68 | P13: 31.711 | Q13: 44.594 | R13: 63.31 | S13: 41.703 | T13: 47.075 | U13: NaN | V13: 61.796 | W13: 41.815 | X13: NaN | Y13: 28.006 | Z13: 65.18 | AA13: NaN | AB13: 58.64 | AC13: NaN | AD13: 59.497 | AE13: NaN | AF13: 63.622 | AG13: 30.027 | AH13: 22.972 | AI13: NaN | AJ13: NaN | AK13: NaN | AL13: NaN | AM13: NaN | AN13: NaN | AO13: NaN | AP13: NaN | AQ13: NaN | AR13: NaN | AS13: NaN | AT13: NaN | AU13: NaN | AV13: NaN | AW13: 34.795 | AX13: 34.977 | AY13: 40.84 | AZ13: 56.439 | BA13: NaN | BB13: 53.309 | BC13: NaN | BD13: NaN | BE13: 45.08 | BF13: NaN | BG13: 49.799 | BH13: 48.6 | BI13: 31.769 | BJ13: 50.116 | BK13: 51.62 | BL13: 35.339 | BM13: 46.15 | BN13: 63.187 | BO13: 44.583 | BP13: 49.29 | BQ13: 32.215 | BR13: NaN | BS13: NaN | BT13: NaN | BU13: NaN | BV13: NaN | BW13: NaN | BX13: NaN | BY13: NaN | BZ13: NaN | CA13: NaN | CB13: NaN | CC13: NaN | CD13: NaN | CE13: NaN | CF13: NaN | CG13: NaN | CH13: NaN | CI13: NaN | CJ13: NaN | CK13: NaN | CL13: NaN | CM13: NaN | CN13: NaN | CO13: NaN | CP13: NaN | CQ13: NaN | CR13: 47.626 | CS13: 42.71 | CT13: NaN | CU13: NaN | CV13: NaN | CW13: NaN | CX13: NaN | CY13: NaN | CZ13: NaN | DA13: NaN | DB13: NaN | DC13: NaN | DD13: NaN | DE13: NaN | DF13: NaN | DG13: NaN | DH13: NaN | DI13: NaN | DJ13: NaN | DK13: NaN | DL13: NaN | DM13: NaN | DN13: NaN | DO13: NaN | DP13: NaN | DQ13: 41.178 | DR13: NaN | DS13: NaN | DT13: NaN | DU13: NaN | DV13: NaN
A14: NaN | B14: 39.992 | C14: 38.968 | D14: 43.158 | E14: NaN | F14: NaN | G14: 50.447 | H14: NaN | I14: NaN | J14: 53.149 | K14: 51.887 | L14: 53.876 | M14: 34.707 | N14: NaN | O14: 52.42 | P14: 36.878 | Q14: 50.706 | R14: NaN | S14: 47.367 | T14: NaN | U14: NaN | V14: NaN | W14: 51.642 | X14: NaN | Y14: 34.039 | Z14: 65.92 | AA14: NaN | AB14: NaN | AC14: NaN | AD14: NaN | AE14: NaN | AF14: NaN | AG14: =AVERAGE(47.68,49.862,49.31,49.473,47.777,49.789,48.969,50.033,49.846,50) -> 49.2739 | AH14: 26.61 | AI14: NaN | AJ14: NaN | AK14: NaN | AL14: NaN | AM14: NaN | AN14: NaN | AO14: NaN | AP14: NaN | AQ14: NaN | AR14: NaN | AS14: NaN | AT14: NaN | AU14: NaN | AV14: NaN | AW14: 41.121 | AX14: 41.803 | AY14: 51.282 | AZ14: NaN | BA14: NaN | BB14: NaN | BC14: NaN | BD14: NaN | BE14: 52.468 | BF14: NaN | BG14: 54.566 | BH14: 57.8 | BI14: 37.984 | BJ14: NaN | BK14: 54.796 | BL14: 40.888 | BM14: 50.011 | BN14: NaN | BO14: 50.083 | BP14: NaN | BQ14: 36.952 | BR14: NaN | BS14: NaN | BT14: NaN | BU14: NaN | BV14: NaN | BW14: NaN | BX14: NaN | BY14: NaN | BZ14: NaN | CA14: NaN | CB14: NaN | CC14: NaN | CD14: NaN | CE14: NaN | CF14: NaN | CG14: NaN | CH14: NaN | CI14: NaN | CJ14: NaN | CK14: NaN | CL14: NaN | CM14: NaN | CN14: NaN | CO14: NaN | CP14: NaN | CQ14: NaN | CR14: 51.408 | CS14: 45.844 | CT14: NaN | CU14: NaN | CV14: NaN | CW14: NaN | CX14: NaN | CY14: NaN | CZ14: NaN | DA14: NaN | DB14: NaN | DC14: NaN | DD14: NaN | DE14: NaN | DF14: NaN | DG14: NaN | DH14: NaN | DI14: NaN | DJ14: NaN | DK14: NaN | DL14: NaN | DM14: NaN | DN14: NaN | DO14: NaN | DP14: NaN | DQ14: NaN | DR14: NaN | DS14: NaN | DT14: NaN | DU14: NaN | DV14: NaN
A15: NaN | B15: 45.538 | C15: 44.375 | D15: 45.942 | E15: NaN | F15: NaN | G15: NaN | H15: NaN | I15: NaN | K15: 54.672 | L15: 59.951 | M15: 40.089 | N15: NaN | O15: NaN | P15: 43.8 | Q15: 52.647 | R15: NaN | S15: 50.713 | T15: NaN | U15: NaN | V15: NaN | W15: NaN | X15: NaN | Y15: 42.802 | Z15: NaN | AA15: NaN | AB15: NaN | AC15: NaN | AD15: NaN | AE15: NaN | AF15: NaN | AG15: =AVERAGE(52.558,52.705,52.542,52.615,52.321,52.648,51.955,52.754,52.885,52.623) -> 52.5606 | AH15: =AVERAGE(34.945,35.175,35.405,35.428,35.674,36.032,35.777,35.92,35.96,35.928) -> 35.6244 | AI15: NaN | AJ15: NaN | AK15: NaN | AL15: NaN | AM15: NaN | AN15: NaN | AO15: NaN | AP15: NaN | AQ15: NaN | AR15: NaN | AS15: NaN | AT15: NaN | AU15: NaN | AV15: NaN | AW15: 47.481 | AX15: 49.028 | AY15: NaN | AZ15: NaN | BA15: NaN | BB15: NaN | BC15: NaN | BD15: NaN | BE15: NaN | BF15: NaN | BG15: 56.557 | BH15: 63.439 | BI15: 42.607 | BJ15: NaN | BK15: NaN | BL15: 44.264 | BM15: NaN | BN15: NaN | BO15: NaN | BP15: NaN | BQ15: 42.104 | BR15: NaN | BS15: NaN | BT15: NaN | BU15: NaN | BV15: NaN | BW15: NaN | BX15: NaN | BY15: NaN | BZ15: NaN | CA15: NaN | CB15: NaN | CC15: NaN | CD15: NaN | CE15: NaN | CF15: NaN | CG15: NaN | CH15: NaN | CI15: NaN | CJ15: NaN | CK15: NaN | CL15: NaN | CM15: NaN | CN15: NaN | CO15: NaN | CP15: NaN | CQ15: NaN | CR15: 54.473 | CS15: 50.812 | CT15: NaN | CU15: NaN | CV15: NaN | CW15: NaN | CX15: NaN | CY15: NaN | CZ15: NaN | DA15: NaN | DB15: NaN | DC15: NaN | DD15: NaN | DE15: NaN | DF15: NaN | DG15: NaN | DH15: NaN | DI15: NaN | DJ15: NaN | DK15: NaN | DL15: NaN | DM15: NaN | DN15: NaN | DO15: NaN | DP15: NaN | DQ15: NaN | DR15: NaN | DS15: NaN | DT15: NaN | DU15: NaN | DV15: NaN
A16: NaN | B16: NaN | C16: NaN | D16: NaN | E16: NaN | F16: NaN | G16: NaN | H16: NaN | I16: NaN | J16: NaN | K16: NaN | L16: NaN | M16: NaN | N16: NaN | O16: NaN | P16: NaN | Q16: NaN | R16: NaN | S16: NaN | T16: NaN | U16: NaN | V16: NaN | W16: NaN | X16: NaN | Y16: NaN | Z16: NaN | AA16: NaN | AB16: NaN | AC16: NaN | AD16: NaN | AE16: NaN | AF16: NaN | AG16: 59.848 | AH16: =AVERAGE(40.433,40.297,40.786,40.923,40.971,40.754,40.281,40.161,40.201,40.04) -> 40.4847 | AI16: NaN | AJ16: NaN | AK16: NaN | AL16: NaN | AM16: NaN | AN16: NaN | AO16: NaN | AP16: NaN | AQ16: NaN | AR16: NaN | AS16: NaN | AT16: NaN | AU16: NaN | AV16: NaN | AW16: NaN | AX16: NaN | AY16: NaN | AZ16: NaN | BA16: NaN | BB16: NaN | BC16: NaN | BD16: NaN | BE16: NaN | BF16: NaN | BG16: NaN | BH16: NaN | BI16: NaN | BJ16: NaN | BK16: NaN | BL16: NaN | BM16: NaN | BN16: NaN | BO16: NaN | BP16: NaN | BQ16: NaN | BR16: NaN | BS16: NaN | BT16: NaN | BU16: NaN | BV16: NaN | BW16: NaN | BX16: NaN | BY16: NaN | BZ16: NaN | CA16: NaN | CB16: NaN | CC16: NaN | CD16: NaN | CE16: NaN | CF16: NaN | CG16: NaN | CH16: NaN | CI16: NaN | CJ16: NaN | CK16: NaN | CL16: NaN | CM16: NaN | CN16: NaN | CO16: NaN | CP16: NaN | CQ16: NaN | CR16: NaN | CS16: NaN | CT16: NaN | CU16: NaN | CV16: NaN | CW16: NaN | CX16: NaN | CY16: NaN | CZ16: NaN | DA16: NaN | DB16: NaN | DC16: NaN | DD16: NaN | DE16: NaN | DF16: NaN | DG16: NaN | DH16: NaN | DI16: NaN | DJ16: NaN | DK16: NaN | DL16: NaN | DM16: NaN | DN16: NaN | DO16: NaN | DP16: NaN | DQ16: NaN | DR16: NaN | DS16: NaN | DT16: NaN | DU16: NaN | DV16: NaN

Sheet Calculated CMC
A1: Calculated CMC values from intersection of concentration vs. surface tension curve, units are wt% surfactant in solution
A3: ='Indiv. Surfactant Key'!A3 -> TMN6 | B3: ='Indiv. Surfactant Key'!A4 -> T15-S-7 | C3: ='Indiv. Surfactant Key'!A5 -> TrX45 | D3: ='Indiv. Surfactant Key'!A6 -> TrX114 | E3: ='Indiv. Surfactant Key'!A74 -> LinSucSulf | F3: ='Indiv. Surfactant Key'!A7 -> T4 | G3: ='Indiv. Surfactant Key'!A75 -> TrCG-425 | H3: ='Indiv. Surfactant Key'!A8 -> AlfSodSalt | I3: ='Indiv. Surfactant Key'!A76 -> AlphaFoam | J3: ='Indiv. Surfactant Key'!A77 -> D5575 | K3: ='Indiv. Surfactant Key'!A78 -> D5244 | L3: ='Indiv. Surfactant Key'!A79 -> D193 | M3: ='Indiv. Surfactant Key'!A80 -> D501W | N3: ='Indiv. Surfactant Key'!A81 -> D198 | O3: ='Indiv. Surfactant Key'!A82 -> D5604 | P3: ='Indiv. Surfactant Key'!A10 -> D502W | Q3: ='Indiv. Surfactant Key'!A83 -> D5098 | R3: ='Indiv. Surfactant Key'!A11 -> SDS | S3: ='Indiv. Surfactant Key'!A12 -> TrX100 | T3: ='Indiv. Surfactant Key'!A84 -> Silphos | U3: ='Indiv. Surfactant Key'!A85 -> Silsurf | V3: ='Indiv. Surfactant Key'!A13 -> CTAB | W3: ='Formulation Names Mix CMC Data'!A38 -> Cap_DGBE | X3: ='Indiv. Surfactant Key'!A14 -> Cap | Y3: ='Indiv. Surfactant Key'!A15 -> L77 | Z3: ='Indiv. Surfactant Key'!A16 -> PFOA | AA3: ='Indiv. Surfactant Key'!A86 -> D67 | AB3: ='Formulation Names Mix CMC Data'!A39 -> G225_DGBE | AC3: ='Formulation Names Mix CMC Data'!A40 -> G600_DGBE | AD3: ='Formulation Names Mix CMC Data'!A41 -> G215_DGBE | AE3: ='Formulation Names Mix CMC Data'!A42 -> Gel6185_DGBE | AF3: ='Indiv. Surfactant Key'!A17 -> NRL_N10358-107 | AG3: ='Indiv. Surfactant Key'!A18 -> NRL_N10358-106 | AH3: ='Indiv. Surfactant Key'!A19 -> NRL_N10358-135 | AI3: ='Indiv. Surfactant Key'!A20 -> NRL_N10477-12 | AJ3: ='Indiv. Surfactant Key'!A21 -> NRL_N10358-176 | AK3: ='Indiv. Surfactant Key'!A22 -> NRL_N10358-174 | AL3: ='Indiv. Surfactant Key'!A23 -> NRL_N10358-169 | AM3: ='Indiv. Surfactant Key'!A24 -> NRL_N10477-01 | AN3: ='Indiv. Surfactant Key'!A25 -> NRL_N10358-161 | AO3: ='Indiv. Surfactant Key'!A26 -> NRL_N10477-09 | AP3: ='Indiv. Surfactant Key'!A27 -> NRL_N10477-07 | AQ3: ='Indiv. Surfactant Key'!A28 -> NRL_N10477-03 | AR3: ='Indiv. Surfactant Key'!A29 -> NRL_N10477-05 | AS3: ='Indiv. Surfactant Key'!A30 -> Gel6185 | AT3: ='Indiv. Surfactant Key'!A31 -> G215 | AU3: ='Indiv. Surfactant Key'!A32 -> G225 | AV3: ='Formulation Names Mix CMC Data'!A4 -> TMN6_G215_3_2 | AW3: ='Formulation Names Mix CMC Data'!A5 -> T15-S-7_G215_3_2 | AX3: ='Formulation Names Mix CMC Data'!A6 -> TrX45_G215_3_2 | AY3: ='Formulation Names Mix CMC Data'!A7 -> TrX114_G215_3_2 | AZ3: ='Formulation Names Mix CMC Data'!A8 -> LinSucSulf_G215_3_2 | BA3: ='Formulation Names Mix CMC Data'!A9 -> T4_G215_3_2 | BB3: ='Formulation Names Mix CMC Data'!A10 -> TrCG-425_G215_3_2 | BC3: ='Formulation Names Mix CMC Data'!A11 -> AlfSodSalt_G215_3_2 | BD3: ='Formulation Names Mix CMC Data'!A12 -> AlphaFoam_G215_3_2 | BE3: ='Formulation Names Mix CMC Data'!A13 -> Mys_G215_3_2 | BF3: ='Formulation Names Mix CMC Data'!A14 -> D5575_G215_3_2 | BG3: ='Formulation Names Mix CMC Data'!A15 -> D5244_G215_3_2 | BH3: ='Formulation Names Mix CMC Data'!A16 -> D193_G215_3_2 | BI3: ='Formulation Names Mix CMC Data'!A17 -> D501W_G215_3_2 | BJ3: ='Formulation Names Mix CMC Data'!A18 -> D198_G215_3_2 | BK3: ='Formulation Names Mix CMC Data'!A19 -> D5604_G215_3_2 | BL3: ='Formulation Names Mix CMC Data'!A20 -> D502W_G215_3_2 | BM3: ='Formulation Names Mix CMC Data'!A21 -> D5098_G215_3_2 | BN3: ='Formulation Names Mix CMC Data'!A22 -> SDS_G215_3_2 | BO3: ='Formulation Names Mix CMC Data'!A23 -> TrX100_G215_3_2 | BP3: ='Formulation Names Mix CMC Data'!A24 -> Silphos_G215_3_2 | BQ3: ='Formulation Names Mix CMC Data'!A25 -> L77_G215_3_2 | BR3: ='Formulation Names Mix CMC Data'!A26 -> D502W_TrX100_3_2 | BS3: ='Formulation Names Mix CMC Data'!A27 -> D67_G215_3_2 | BT3: ='Formulation Names Mix CMC Data'!A28 -> D502W_G215_2_3 | BU3: ='Formulation Names Mix CMC Data'!A29 -> D502W_G225_2_3 | BV3: ='Formulation Names Mix CMC Data'!A30 -> D502W_G600_2_3 | BW3: ='Formulation Names Mix CMC Data'!A31 -> Gel6492.6_G215_3_2 | BX3: ='Formulation Names Mix CMC Data'!A32 -> T15-S-9_G215_3_2 | BY3: ='Formulation Names Mix CMC Data'!A33 -> T15-S-12_G215_3_2 | BZ3: ='Formulation Names Mix CMC Data'!A34 -> L77_G225_2_3 | CA3: ='Formulation Names Mix CMC Data'!A35 -> D67_G225_2_3 | CB3: ='Formulation Names Mix CMC Data'!A36 -> D502W_C6G2_1_1 | CC3: ='Formulation Names Mix CMC Data'!A37 -> Gel6185_G215_3_2 | CD3: ='Indiv. Surfactant Key'!A53 -> CL_MD2086-97 | CE3: ='Indiv. Surfactant Key'!A54 -> CL_MD2012-16 | CF3: ='Indiv. Surfactant Key'!A55 -> NRL_CB-1-123 | CG3: ='Formulation Names Mix CMC Data'!A43 -> CL_MD2086-97_G225_2_3 | CH3: ='Formulation Names Mix CMC Data'!A44 -> CL_MD2012-16_G225_2_3 | CI3: ='Formulation Names Mix CMC Data'!A45 -> NRL_CB-1-123_G225_2_3 | CJ3: ='Indiv. Surfactant Key'!A59 -> CL_MD2102-54 | CK3: ='Formulation Names Mix CMC Data'!A46 -> CL_MD2102-54_G225_2_3 | CL3: ='Indiv. Surfactant Key'!A64 -> NRL_LBII43 | CM3: ='Formulation Names Mix CMC Data'!A47 -> NRL_LBII43_G225_2_3 | CN3: ='Formulation Names Mix CMC Data'!A48 -> NRL_CB_DTBTS_SB_G225_2_3 | CO3: ='Formulation Names Mix CMC Data'!A49 -> NRL_N10478-233_G225_2_3 | CP3: ='Formulation Names Mix CMC Data'!A50 -> Cap_TrX100_3_2 | CQ3: ='Formulation Names Mix CMC Data'!A51 -> Cap_G225_3_2 | CR3: ='Formulation Names Mix CMC Data'!A52 -> CL_MD2062-57_G225_2_3 | CS3: ='Formulation Names Mix CMC Data'!A53 -> NRL_N10477-05_G225_2_3 | CT3: ='Formulation Names Mix CMC Data'!A54 -> D502W_C7G1_1_1 | CU3: ='Formulation Names Mix CMC Data'!A55 -> D502W_C7G1_1_1 | CV3: ='Formulation Names Mix CMC Data'!A56 -> D502W_C8G1_1_1 | CW3: ='Formulation Names Mix CMC Data'!A57 -> D502W_C9G2_1_1 | CX3: ='Formulation Names Mix CMC Data'!A58 -> D502W_C10G2_1_1 | CY3: ='Formulation Names Mix CMC Data'!A59 -> D502W_C12G2_1_1 | CZ3: ='Formulation Names Mix CMC Data'!A60 -> D502W_C8G2_1_1 | DA3: ='Formulation Names Mix CMC Data'!A61 -> D502W_iC8G2_1_1 | DB3: ='Formulation Names Mix CMC Data'!A62 -> D502W_Cymal_1_1 | DC3: ='Formulation Names Mix CMC Data'!A63 -> D502W_C8SG2_1_1 | DD3: ='Indiv. Surfactant Key'!A69 -> CL_MD2102-90 | DE3: ='Formulation Names Mix CMC Data'!A64 -> CL_MD2102-90_G225_2_3 | DF3: ='Indiv. Surfactant Key'!A71 -> CL_MD2102-118 | DG3: ='Formulation Names Mix CMC Data'!A65 -> CL_MD2102-118_G225_2_3 | DH3: ='Formulation Names Mix CMC Data'!A66 -> Cap_TrGR-5M_3_2 | DI3: ='Formulation Names Mix CMC Data'!A67 -> NRL_N10478-198_G225_1_5 | DJ3: ='Formulation Names Mix CMC Data'!A68 -> NRL_N10358-174_G225_2_3 | DK3: ='Formulation Names Mix CMC Data'!A69 -> NRL_N10358-176_G225_2_3 | DL3: ='Formulation Names Mix CMC Data'!A70 -> NRL_N10477-01_G225_2_3 | DM3: ='Formulation Names Mix CMC Data'!A71 -> NRL_N10477-03_G225_2_3 | DN3: ='Formulation Names Mix CMC Data'!A72 -> NRL_N10477-09_G225_2_3 | DO3: ='Formulation Names Mix CMC Data'!A73 -> NRL_N10477-07_G225_2_3 | DP3: ='Formulation Names Mix CMC Data'!A74 -> NRL_N10477-12_G225_2_3 | DQ3: ='Indiv. Surfactant Key'!A70 -> CL_MD2102-112 | DR3: ='Formulation Names Mix CMC Data'!A76 -> CL_MD2102-112_G225_2_3 | DS3: ='Formulation Names Mix CMC Data'!A77 -> CL_MD2062-124_G225_1_4.6 | DT3: ='Formulation Names Mix CMC Data'!A78 -> NRL_N10477-189_G225_1_6 | DU3: ='Indiv. Surfactant Key'!A72 -> NRL_CB-1-192 | DV3: ='Formulation Names Mix CMC Data'!A80 -> NRL_CB-1-192_G225_2_3 | DW3: ='Indiv. Surfactant Key'!A56 -> NRL_N10477-189 | DX3: ='Indiv. Surfactant Key'!A66 -> NRL_N10478-227 | DY3: ='Indiv. Surfactant Key'!A67 -> NRL_N10478-233 | DZ3: ='Indiv. Surfactant Key'!A68 -> NRL_N10478-240
A4: 0.07 | B4: 0.008 | C4: 0.0044 | D4: 0.009 | E4: 0.06 | F4: 0.6 | G4: 0.018 | H4: 1.09 | I4: 0.38 | J4: 0.037 | K4: 0.038 | L4: 0.049 | M4: 0.013 | N4: 0.085 | O4: 0.04 | P4: 0.02 | Q4: 0.018 | R4: 0.13 | S4: 0.018 | T4: 0.04 | U4: 0.07 | V4: 0.035 | W4: 0.029 | X4: 0.04 | Y4: 0.01 | Z4: 0.0029 | AA4: 0.011 | AB4: 0.082 | AC4: 0.019 | AD4: 0.12 | AE4: 0.0096 | AF4: 0.031 | AG4: 0.004 | AH4: 0.0071 | AI4: 0.0059 | AJ4: 0.017 | AK4: 0.053 | AL4: 0.099 | AM4: 0.025 | AN4: 0.0036 | AO4: 0.0042 | AP4: 0.0085 | AQ4: 0.01 | AR4: 0.035 | AS4: 0.0102 | AT4: 0.12 | AU4: 0.16 | AV4: 0.07 | AW4: 0.0086 | AX4: 0.0054 | AY4: 0.01 | AZ4: 0.06 | BA4: 0.14 | BB4: 0.032 | BC4: 0.14 | BD4: 0.13 | BE4: 0.017 | BF4: 0.073 | BG4: 0.07 | BH4: 0.031 | BI4: 0.01 | BJ4: 0.082 | BK4: 0.034 | BL4: 0.025 | BM4: 0.034 | BN4: 0.09 | BO4: 0.028 | BP4: 0.114 | BQ4: 0.016 | BR4: 0.0158 | BS4: 0.0155 | BT4: 0.03 | BU4: 0.02 | BV4: 0.0288 | BW4: 0.009 | BX4: 0.009 | BY4: 0.017 | BZ4: 0.02 | CA4: 0.02 | CB4: 0.009 | CC4: 0.01 | CD4: 0.064 | CE4: 0.25 | CF4: 0.312 | CG4: 0.18 | CH4: 0.216 | CI4: 0.24 | CJ4: 0.064 | CK4: 0.064 | CL4: 0.02 | CM4: 0.038 | CN4: 0.062 | CO4: 0.021 | CP4: 0.064 | CQ4: 0.057 | CR4: 0.124 | CS4: 0.054 | CT4: 0.029 | CU4: 0.03 | CV4: 0.026 | CW4: 0.036 | CX4: 0.033 | CY4: 0.016 | CZ4: 0.027 | DA4: 0.028 | DB4: 0.033 | DC4: 0.028 | DD4: 0.304 | DE4: 0.098 | DF4: 0.0037 | DG4: 0.0078 | DH4: 0.0199 | DI4: 0.0306 | DJ4: 0.0568 | DK4: 0.0416 | DL4: 0.0288 | DM4: 0.0284 | DN4: 0.012 | DO4: 0.02 | DP4: 0.0144 | DQ4: 0.003 | DR4: 0.0115 | DS4: 0.088 | DT4: 0.0406 | DU4: 0.137 | DV4: 0.351 | DW4: 0.0135 | DX4: 0.0123 | DY4: 0.006 | DZ4: 0.0195

Sheet Formulation Surface Tension
A1: Measured surface tensions for concentration specific mixtures and surfactants, units are mN/m
A2: ='Formulation Name Data'!A4&"_T1" -> Cap_TrX100_DGBE_0.3_0.2_0.5_T1 | B2: ='Formulation Name Data'!A4&"_T2" -> Cap_TrX100_DGBE_0.3_0.2_0.5_T2 | C2: ='Formulation Name Data'!A4&"_T3" -> Cap_TrX100_DGBE_0.3_0.2_0.5_T3 | D2: ='Formulation Name Data'!A5&"_T1" -> TrX100_DGBE_0.5_0.5_T1 | E2: ='Formulation Name Data'!A5&"_T2" -> TrX100_DGBE_0.5_0.5_T2 | F2: ='Formulation Name Data'!A6&"_T1" -> Cap_DGBE_0.5_0.5_T1 | G2: ='Formulation Name Data'!A6&"_T2" -> Cap_DGBE_0.5_0.5_T2 | H2: ='Formulation Name Data'!A6&"_T3" -> Cap_DGBE_0.5_0.5_T3 | I2: ='Formulation Name Data'!A7&"_T1" -> G215_DGBE_0.5_0.5_T1 | J2: ='Formulation Name Data'!A7&"_T2" -> G215_DGBE_0.5_0.5_T2 | K2: ='Formulation Name Data'!A8&"_T1" -> Cap_G215_DGBE_0.3_0.2_0.5_T1 | L2: ='Formulation Name Data'!A9&"_T1" -> Cap_TrX100_DGBE_0.15_0.05_0.5_T1 | M2: ='Formulation Name Data'!A9&"_T2" -> Cap_TrX100_DGBE_0.15_0.05_0.5_T2 | N2: ='Formulation Name Data'!A10&"_T1" -> Buckeye 3%_3_T1 | O2: ='Formulation Name Data'!A11&"_T1" -> RF6_6_T1 | P2: ='Formulation Name Data'!A12&"_T1" -> SDS_1_T1 | Q2: ='Formulation Name Data'!A13&"_T1" -> Cap_TrX100_DGBE_0.6_0.2_0.5_T1 | R2: ='Formulation Name Data'!A13&"_T2" -> Cap_TrX100_DGBE_0.6_0.2_0.5_T2 | S2: ='Formulation Name Data'!A14&"_T1" -> Cap_TrX100_DGBE_0.6_0.4_0.5_T1 | T2: ='Formulation Name Data'!A14&"_T2" -> Cap_TrX100_DGBE_0.6_0.4_0.5_T2 | U2: ='Formulation Name Data'!A15&"_T1" -> Cap_TrX100_DGBE_1.2_0.8_0.5_T1 | V2: ='Formulation Name Data'!A15&"_T2" -> Cap_TrX100_DGBE_1.2_0.8_0.5_T2 | W2: ='Formulation Name Data'!A16&"_T1" -> Cap_TrX100_DGBE_0.3_0.2_1_T1 | X2: ='Formulation Name Data'!A16&"_T2" -> Cap_TrX100_DGBE_0.3_0.2_1_T2 | Y2: ='Formulation Name Data'!A17&"_T1" -> Silsurf_G215_DGBE_0.14_0.09_0.5_T1 | Z2: ='Formulation Name Data'!A17&"_T2" -> Silsurf_G215_DGBE_0.14_0.09_0.5_T2 | AA2: ='Formulation Name Data'!A18&"_T1" -> Silphos_G215_DGBE_0.3_0.2_0.5_T1 | AB2: ='Formulation Name Data'!A18&"_T2" -> Silphos_G215_DGBE_0.3_0.2_0.5_T2 | AC2: ='Formulation Name Data'!A19&"_T1" -> TMN6_G215_DGBE_0.3_0.2_0.5_T1 | AD2: ='Formulation Name Data'!A19&"_T2" -> TMN6_G215_DGBE_0.3_0.2_0.5_T2 | AE2: ='Formulation Name Data'!A20&"_T1" -> T15-S-7_G215_DGBE_0.03_0.02_0.5_T1 | AF2: ='Formulation Name Data'!A20&"_T2" -> T15-S-7_G215_DGBE_0.03_0.02_0.5_T2 | AG2: ='Formulation Name Data'!A21&"_T1" -> TrX45_G215_DGBE_0.022_0.015_0.5_T1 | AH2: ='Formulation Name Data'!A21&"_T2" -> TrX45_G215_DGBE_0.022_0.015_0.5_T2 | AI2: ='Formulation Name Data'!A22&"_T1" -> TrX114_G215_DGBE_0.04_0.027_0.5_T1 | AJ2: ='Formulation Name Data'!A22&"_T2" -> TrX114_G215_DGBE_0.04_0.027_0.5_T2 | AK2: ='Formulation Name Data'!A23&"_T1" -> LinSucSulf_G215_DGBE_0.24_0.16_0.5_T1 | AL2: ='Formulation Name Data'!A23&"_T2" -> LinSucSulf_G215_DGBE_0.24_0.16_0.5_T2 | AM2: ='Formulation Name Data'!A24&"_T1" -> T4_G215_DGBE_0.56_0.37_0.5_T1 | AN2: ='Formulation Name Data'!A24&"_T2" -> T4_G215_DGBE_0.56_0.37_0.5_T2 | AO2: ='Formulation Name Data'!A25&"_T1" -> TrCG-425_G215_DGBE_0.13_0.09_0.5_T1 | AP2: ='Formulation Name Data'!A25&"_T2" -> TrCG-425_G215_DGBE_0.13_0.09_0.5_T2 | AQ2: ='Formulation Name Data'!A26&"_T1" -> AlfSodSalt_G215_DGBE_0.56_0.37_0.5_T1 | AR2: ='Formulation Name Data'!A26&"_T2" -> AlfSodSalt_G215_DGBE_0.56_0.37_0.5_T2 | AS2: ='Formulation Name Data'!A27&"_T1" -> AlphaFoam_G215_DGBE_0.52_0.35_0.5_T1 | AT2: ='Formulation Name Data'!A27&"_T2" -> AlphaFoam_G215_DGBE_0.52_0.35_0.5_T2 | AU2: ='Formulation Name Data'!A28&"_T1" -> Mys_G215_DGBE_0.068_0.045_0.5_T1 | AV2: ='Formulation Name Data'!A28&"_T2" -> Mys_G215_DGBE_0.068_0.045_0.5_T2 | AW2: ='Formulation Name Data'!A29&"_T1" -> D5575_G215_DGBE_0.3_0.2_0.5_T1 | AX2: ='Formulation Name Data'!A29&"_T2" -> D5575_G215_DGBE_0.3_0.2_0.5_T2 | AY2: ='Formulation Name Data'!A30&"_T1" -> D5244_G215_DGBE_0.3_0.2_0.5_T1 | AZ2: ='Formulation Name Data'!A30&"_T2" -> D5244_G215_DGBE_0.3_0.2_0.5_T2 | BA2: ='Formulation Name Data'!A31&"_T1" -> D193_G215_DGBE_0.12_0.08_0.5_T1 | BB2: ='Formulation Name Data'!A31&"_T2" -> D193_G215_DGBE_0.12_0.08_0.5_T2 | BC2: ='Formulation Name Data'!A31&"_T3" -> D193_G215_DGBE_0.12_0.08_0.5_T3 | BD2: ='Formulation Name Data'!A32&"_T1" -> D501W_G215_DGBE_0.04_0.027_0.5_T1 | BE2: ='Formulation Name Data'!A32&"_T2" -> D501W_G215_DGBE_0.04_0.027_0.5_T2 | BF2: ='Formulation Name Data'!A33&"_T1" -> D502W_G215_DGBE_0.075_0.05_0.5_T1 | BG2: ='Formulation Name Data'!A33&"_T2" -> D502W_G215_DGBE_0.075_0.05_0.5_T2 | BH2: ='Formulation Name Data'!A34&"_T1" -> D5098_G215_DGBE_0.14_0.09_0.5_T1 | BI2: ='Formulation Name Data'!A34&"_T2" -> D5098_G215_DGBE_0.14_0.09_0.5_T2 | BJ2: ='Formulation Name Data'!A35&"_T1" -> L77_G215_DGBE_0.11_0.08_0.5_T1 | BK2: ='Formulation Name Data'!A35&"_T2" -> L77_G215_DGBE_0.11_0.08_0.5_T2 | BL2: ='Formulation Name Data'!A36&"_T1" -> D67_G215_DGBE_0.06_0.04_0.5_T1 | BM2: ='Formulation Name Data'!A36&"_T2" -> D67_G215_DGBE_0.06_0.04_0.5_T2 | BN2: ='Formulation Name Data'!A37&"_T1" -> D502W_G225_DGBE_0.2_0.3_0.5_T1 | BO2: ='Formulation Name Data'!A38&"_T1" -> D502W_G225_0.2_0.3_T1 | BP2: ='Formulation Name Data'!A38&"_T2" -> D502W_G225_0.2_0.3_T2 | BQ2: ='Formulation Name Data'!A39&"_T1" -> NRL_N10358-176_G225_DGBE_0.2_0.3_0.5_T1 | BR2: ='Formulation Name Data'!A40&"_T1" -> NRL_N10358-174_G225_DGBE_0.2_0.3_0.5_T1 | BS2: ='Formulation Name Data'!A41&"_T1" -> G225_0.5_T1 | BT2: ='Formulation Name Data'!A41&"_T2" -> G225_0.5_T2 | BU2: ='Formulation Name Data'!A42&"_T1" -> D501W_0.5_T1 | BV2: ='Formulation Name Data'!A42&"_T2" -> D501W_0.5_T2 | BW2: ='Formulation Name Data'!A43&"_T1" -> D67_0.5_T1 | BX2: ='Formulation Name Data'!A43&"_T2" -> D67_0.5_T2 | BY2: ='Formulation Name Data'!A44&"_T1" -> Cap_0.5_T1 | BZ2: ='Formulation Name Data'!A44&"_T2" -> Cap_0.5_T2 | CA2: ='Formulation Name Data'!A45&"_T1" -> Gel6185_G215_DGBE_0.06_0.04_0.5_T1 | CB2: ='Formulation Name Data'!A45&"_T2" -> Gel6185_G215_DGBE_0.06_0.04_0.5_T2 | CC2: ='Formulation Name Data'!A46&"_T1" -> ComSor181360_G225_DGBE_0.2_0.3_0.5_T1 | CD2: ='Formulation Name Data'!A46&"_T2" -> ComSor181360_G225_DGBE_0.2_0.3_0.5_T2 | CE2: ='Formulation Name Data'!A46&"_T3" -> ComSor181360_G225_DGBE_0.2_0.3_0.5_T3 | CF2: ='Formulation Name Data'!A47&"_T1" -> ComSor181360_DGBE_0.5_0.5_T1 | CG2: ='Formulation Name Data'!A47&"_T2" -> ComSor181360_DGBE_0.5_0.5_T2 | CH2: ='Formulation Name Data'!A48&"_T1" -> D502W_C8G2_DGBE_0.2_0.19_0.5_T1 | CI2: ='Formulation Name Data'!A48&"_T2" -> D502W_C8G2_DGBE_0.2_0.19_0.5_T2 | CJ2: ='Formulation Name Data'!A49&"_T1" -> D502W_C10G2_DGBE_0.2_0.19_0.5_T1 | CK2: ='Formulation Name Data'!A49&"_T2" -> D502W_C10G2_DGBE_0.2_0.19_0.5_T2 | CL2: ='Formulation Name Data'!A50&"_T1" -> D502W_C12G2_DGBE_0.2_0.19_0.5_T1 | CM2: ='Formulation Name Data'!A50&"_T2" -> D502W_C12G2_DGBE_0.2_0.19_0.5_T2 | CN2: ='Formulation Name Data'!A51&"_T1" -> D502W_C8G1_DGBE_0.2_0.19_0.5_T1 | CO2: ='Formulation Name Data'!A51&"_T2" -> D502W_C8G1_DGBE_0.2_0.19_0.5_T2 | CP2: ='Formulation Name Data'!A52&"_T1" -> L77_0.5_T1 | CQ2: ='Formulation Name Data'!A52&"_T2" -> L77_0.5_T2 | CR2: ='Formulation Name Data'!A53&"_T1" -> Gel6185_0.5_T1 | CS2: ='Formulation Name Data'!A53&"_T2" -> Gel6185_0.5_T2 | CT2: ='Formulation Name Data'!A54&"_T1" -> D502W_0.5_T1 | CU2: ='Formulation Name Data'!A54&"_T2" -> D502W_0.5_T2 | CV2: ='Formulation Name Data'!A55&"_T1" -> D193_0.5_T1 | CW2: ='Formulation Name Data'!A55&"_T2" -> D193_0.5_T2 | CX2: ='Formulation Name Data'!A56&"_T1" -> G215_0.5_T1 | CY2: ='Formulation Name Data'!A56&"_T2" -> G215_0.5_T2 | CZ2: ='Formulation Name Data'!A57&"_T1" -> ComSor_EXP-20-C10628-A_T1 | DA2: ='Formulation Name Data'!A57&"_T2" -> ComSor_EXP-20-C10628-A_T2 | DB2: ='Formulation Name Data'!A58&"_T1" -> ComSor_EXP-20-C10628-B_T1 | DC2: ='Formulation Name Data'!A58&"_T2" -> ComSor_EXP-20-C10628-B_T2 | DD2: ='Formulation Name Data'!A59&"_T1" -> ComSor_EXP-20-C10628-C_T1 | DE2: ='Formulation Name Data'!A59&"_T2" -> ComSor_EXP-20-C10628-C_T2 | DF2: ='Formulation Name Data'!A60&"_T1" -> ComSor_EXP-20-C10628-D_T1 | DG2: ='Formulation Name Data'!A60&"_T2" -> ComSor_EXP-20-C10628-D_T2 | DH2: ='Formulation Name Data'!A60&"_T3" -> ComSor_EXP-20-C10628-D_T3 | DI2: ='Formulation Name Data'!A61&"_T1" -> ComSor_EXP-20-C10628-E_T1 | DJ2: ='Formulation Name Data'!A61&"_T2" -> ComSor_EXP-20-C10628-E_T2 | DK2: ='Formulation Name Data'!A61&"_T3" -> ComSor_EXP-20-C10628-E_T3 | DL2: ='Formulation Name Data'!A62&"_T1" -> ComSor_EXP-21-2_T1 | DM2: ='Formulation Name Data'!A63&"_T1" -> ComSor_EXP-21-1_T1 | DN2: ='Formulation Name Data'!A64&"_T1" -> Avio®F3 Green KHC_T1 | DO2: ='Formulation Name Data'!A64&"_T2" -> Avio®F3 Green KHC_T2 | DP2: ='Formulation Name Data'!A64&"_T3" -> Avio®F3 Green KHC_T3 | DQ2: ='Formulation Name Data'!A65&"_T1" -> JetFoam 3%_T1 | DR2: ='Formulation Name Data'!A65&"_T2" -> JetFoam 3%_T2 | DS2: ='Formulation Name Data'!A65&"_T3" -> JetFoam 3%_T3 | DT2: ='Formulation Name Data'!A66&"_T1" -> Solberg® Rehealing RF3 3%_T1 | DU2: ='Formulation Name Data'!A66&"_T2" -> Solberg® Rehealing RF3 3%_T2 | DV2: ='Formulation Name Data'!A67&"_T1" -> FomtecEnviroUSP 3%_T1 | DW2: ='Formulation Name Data'!A67&"_T2" -> FomtecEnviroUSP 3%_T2 | DX2: ='Formulation Name Data'!A68&"_T1" -> ComSor_EXP-21-3_T1 | DY2: ='Formulation Name Data'!A69&"_T1" -> ComSor_EXP-21-5_T1 | DZ2: ='Formulation Name Data'!A70&"_T1" -> ComSor_EXP-21-6_T1 | EA2: ='Formulation Name Data'!A71&"_T1" -> ComSor_EXP-21-7_T1 | EB2: ='Formulation Name Data'!A72&"_T1" -> D502W_DGBE_0.1_0.5_T1 | EC2: ='Formulation Name Data'!A73&"_T1" -> Cap_0.225_T1 | ED2: ='Formulation Name Data'!A74&"_T1" -> Cap_DGBE_0.225_0.5_T1 | EE2: ='Formulation Name Data'!A75&"_T1" -> D193_G215_DGBE_0.3_0.2_0.5_T1 | EF2: ='Formulation Name Data'!A99&"_T1" -> ComSor_26990-95B_T1 | EG2: ='Formulation Name Data'!A137&"_T1" -> Gel6185_G215_DGBE_1.8_1.2_0.5_T1 | EH2: ='Formulation Name Data'!A138&"_T1" -> CL_MD2086-97_G225_DGBE_0.34_0.56_0.5_T1 | EI2: ='Formulation Name Data'!A139&"_T1" -> CL_MD2086-97_0.5_T1 | EJ2: ='Formulation Name Data'!A113&"_T1" -> D502W_DGBE_0.5_0.5_T1 | EK2: ='Formulation Name Data'!A154&"_T1" -> CL_MD2012-16_G225_DGBE_0.52_0.78_0.5_T1 | EL2: ='Formulation Name Data'!A155&"_T1" -> NRL_N10478-198_G225_DGBE_0.065_0.3_0.5_T1 | EM2: ='Formulation Name Data'!A158&"_T1" -> CL_MD2102-54_G225_DGBE_0.2_0.3_0.5_T1 | EN2: ='Formulation Name Data'!A182&"_T1" -> NRL_LBII43_G225_DGBE_0.2_0.3_0.5_T1 | EO2: ='Formulation Name Data'!A183&"_T1" -> NRL_CB_DTBTS_SB_G225_DGBE_0.02_0.3_0.5_T1 | EP2: ='Formulation Name Data'!A184&"_T1" -> NRL_CB-1-123_G225_DGBE_0.2_0.3_0.5_T1 | EQ2: ='Formulation Name Data'!A185&"_T1" -> NRL_N10478-227_G225_DGBE_0.063_0.3_0.5_T1 | ER2: ='Formulation Name Data'!A186&"_T1" -> NRL_N10478-233_G225_DGBE_0.03_0.3_0.5_T1 | ES2: ='Formulation Name Data'!A187&"_T1" -> NRL_N10478-240_G225_DGBE_#_0.3_0.5_T1 | ET2: ='Formulation Name Data'!A188&"_T1" -> CL_MD2102-90_G225_DGBE_0.2_0.3_0.5_T1 | EU2: ='Formulation Name Data'!A191&"_T1" -> ComSor_EXP-21-CH1070-1_3_T1 | EV2: ='Formulation Name Data'!A189&"_T1" -> CL_MD2102-112_G225_DGBE_0.05_0.3_0.5_T1 | EW2: ='Formulation Name Data'!A190&"_T1" -> CL_MD2102-118_G225_DGBE_0.2_0.3_0.5_T1 | EX2: ='Formulation Name Data'!A192&"_T1" -> ComSor_EXP-21-CH1070-2_3_T1 | EY2: ='Formulation Name Data'!A193&"_T1" -> ComSor_EXP-21-CH1070-4_1_T1 | EZ2: ='Formulation Name Data'!A179&"_T1" -> CL_MD2062-124_G225_DGBE_0.065_0.3_0.5_T1 | FA2: ='Formulation Name Data'!A156&"_T1" -> NRL_N10477-189_G225_DGBE_0.05_0.3_0.5_T1 | FB2: ='Formulation Name Data'!A157&"_T1" -> NRL_N10478-81_G225_DGBE_0.116_0.3_0.5_T1 | FC2: ='Formulation Name Data'!A157&"_T2" -> NRL_N10478-81_G225_DGBE_0.116_0.3_0.5_T2 | FD2: ='Formulation Name Data'!A198&"_T1" -> CL_MD2102-90_0.5_T1 | FE2: ='Formulation Name Data'!A197&"_T1" -> NRL_CB-1-192_G225_DGBE_0.14_0.21_0.5_T1
A3: 16.939 | B3: 16.667 | C3: 16.45 | D3: 31.149 | E3: 31.155 | F3: 15.206 | G3: 15.393 | H3: 16.19 | I3: 27.626 | J3: 27.98 | K3: 16.7 | L3: 16.38 | M3: 16.23 | N3: 16.4 | O3: 26.4 | P3: 37.6 | Q3: 16.737 | R3: 16.787 | S3: 16.461 | T3: 16.642 | U3: 16.395 | V3: 16.464 | W3: 16.408 | X3: 16.385 | Y3: 30.95 | Z3: 31.683 | AA3: 27.819 | AB3: 27.874 | AC3: 25.541 | AD3: 25.128 | AE3: 28.009 | AF3: 27.951 | AG3: 27.009 | AH3: 27.429 | AI3: 28.621 | AJ3: 28.823 | AK3: 26.849 | AL3: 26.429 | AM3: 28.304 | AN3: 28.241 | AO3: 28.218 | AP3: 28.265 | AQ3: 27.356 | AR3: 27.693 | AS3: 29.288 | AT3: 29.504 | AU3: 31.914 | AV3: 31.82 | AW3: 31.559 | AX3: 31.954 | AY3: 32.908 | AZ3: 33.667 | BA3: 28.871 | BB3: 29.333 | BC3: 28.484 | BD3: 19.98 | BE3: 19.749 | BF3: 21.204 | BG3: 21.506 | BH3: 28.152 | BI3: 28.901 | BJ3: 19.659 | BK3: 19.716 | BL3: 20.293 | BM3: 19.893 | BN3: 22.449 | BO3: 22.038 | BP3: 22.085 | BQ3: 21.406 | BR3: 25.559 | BS3: 27.613 | BT3: 27.969 | BU3: =19.819 -> 19.819 | BV3: 19.643 | BW3: 19.813 | BX3: 19.734 | BY3: 15.7 | BZ3: 15.966 | CA3: 19.39 | CB3: 19.467 | CC3: 20.207 | CD3: 20.249 | CE3: 20.113 | CF3: 19.131 | CG3: 19.307 | CH3: 21.821 | CI3: 21.544 | CJ3: 23.838 | CK3: 23.857 | CL3: 23.858 | CM3: 24.344 | CN3: 21.497 | CO3: 21.572 | CP3: 19.317 | CQ3: 19.606 | CR3: 19.385 | CS3: 19.288 | CT3: 20.592 | CU3: 20.412 | CV3: 28.732 | CW3: 28.921 | CX3: 27.095 | CY3: 26.835 | CZ3: 18.648 | DA3: 18.607 | DB3: 19.671 | DC3: 19.915 | DD3: 19.099 | DE3: 19.199 | DF3: 29.308 | DG3: 29.285 | DH3: 29.464 | DI3: 27.002 | DJ3: 27.096 | DK3: 27.157 | DL3: 20.151 | DM3: 19.832 | DN3: 24.02 | DO3: 23.682 | DP3: 24.13 | DQ3: 24.06 | DR3: 24.256 | DS3: 23.951 | DT3: 25.626 | DU3: 25.275 | DV3: 23.317 | DW3: 23.396 | DX3: 21.152 | DY3: 20.231 | DZ3: 20.766 | EA3: 20.98 | EB3: 21.1 | EC3: 15.4 | ED3: 15.5 | EE3: 28.9 | EF3: 19.261 | EG3: 20.081 | EH3: 20.29 | EI3: 20.21 | EJ3: 21.171 | EK3: 25.9 | EL3: 21.222 | EM3: 21.997 | EN3: 22.044 | EO3: 23.935 | EP3: 22.764 | EQ3: 20.547 | ER3: 22.206 | ES3: 20.43 | ET3: 26.524 | EU3: 20.189 | EV3: 21.167 | EW3: 20.417 | EX3: 21.041 | EY3: 21.1 | EZ3: 21.469 | FA3: 24.999 | FB3: 24.313 | FC3: 23.492 | FD3: 28.725 | FE3: 27.431

Sheet Formulation Interfacial Tension
A1: Measured interfacial tensions with fuel for concentration specific mixtures and surfactants, separate rows indicate value for different fuels: heptane, gasoline, cyclohexane, Jet-A, units are mN/m, NaN values in place to create even-rowed columns
A3: ='Formulation Name Data'!A4&"_T1" -> Cap_TrX100_DGBE_0.3_0.2_0.5_T1 | B3: ='Formulation Name Data'!A5&"_T1" -> TrX100_DGBE_0.5_0.5_T1 | C3: ='Formulation Name Data'!A6&"_T1" -> Cap_DGBE_0.5_0.5_T1 | D3: ='Formulation Name Data'!A7&"_T1" -> G215_DGBE_0.5_0.5_T1 | E3: ='Formulation Name Data'!A8&"_T1" -> Cap_G215_DGBE_0.3_0.2_0.5_T1 | F3: ='Formulation Name Data'!A9&"_T1" -> Cap_TrX100_DGBE_0.15_0.05_0.5_T1 | G3: ='Formulation Name Data'!A10&"_T1" -> Buckeye 3%_3_T1 | H3: ='Formulation Name Data'!A11&"_T1" -> RF6_6_T1 | I3: ='Formulation Name Data'!A12&"_T1" -> SDS_1_T1 | J3: ='Formulation Name Data'!A17&"_T1" -> Silsurf_G215_DGBE_0.14_0.09_0.5_T1 | K3: ='Formulation Name Data'!A18&"_T1" -> Silphos_G215_DGBE_0.3_0.2_0.5_T1 | L3: ='Formulation Name Data'!A19&"_T1" -> TMN6_G215_DGBE_0.3_0.2_0.5_T1 | M3: ='Formulation Name Data'!A20&"_T1" -> T15-S-7_G215_DGBE_0.03_0.02_0.5_T1 | N3: ='Formulation Name Data'!A21&"_T1" -> TrX45_G215_DGBE_0.022_0.015_0.5_T1 | O3: ='Formulation Name Data'!A22&"_T1" -> TrX114_G215_DGBE_0.04_0.027_0.5_T1 | P3: ='Formulation Name Data'!A23&"_T1" -> LinSucSulf_G215_DGBE_0.24_0.16_0.5_T1 | Q3: ='Formulation Name Data'!A24&"_T1" -> T4_G215_DGBE_0.56_0.37_0.5_T1 | R3: ='Formulation Name Data'!A25&"_T1" -> TrCG-425_G215_DGBE_0.13_0.09_0.5_T1 | S3: ='Formulation Name Data'!A26&"_T1" -> AlfSodSalt_G215_DGBE_0.56_0.37_0.5_T1 | T3: ='Formulation Name Data'!A27&"_T1" -> AlphaFoam_G215_DGBE_0.52_0.35_0.5_T1 | U3: ='Formulation Name Data'!A28&"_T1" -> Mys_G215_DGBE_0.068_0.045_0.5_T1 | V3: ='Formulation Name Data'!A29&"_T1" -> D5575_G215_DGBE_0.3_0.2_0.5_T1 | W3: ='Formulation Name Data'!A30&"_T1" -> D5244_G215_DGBE_0.3_0.2_0.5_T1 | X3: ='Formulation Name Data'!A31&"_T1" -> D193_G215_DGBE_0.12_0.08_0.5_T1 | Y3: ='Formulation Name Data'!A32&"_T1" -> D501W_G215_DGBE_0.04_0.027_0.5_T1 | Z3: ='Formulation Name Data'!A33&"_T1" -> D502W_G215_DGBE_0.075_0.05_0.5_T1 | AA3: ='Formulation Name Data'!A34&"_T1" -> D5098_G215_DGBE_0.14_0.09_0.5_T1 | AB3: ='Formulation Name Data'!A35&"_T1" -> L77_G215_DGBE_0.11_0.08_0.5_T1 | AC3: ='Formulation Name Data'!A36&"_T1" -> D67_G215_DGBE_0.06_0.04_0.5_T1 | AD3: ='Formulation Name Data'!A37&"_T1" -> D502W_G225_DGBE_0.2_0.3_0.5_T1 | AE3: ='Formulation Name Data'!A38&"_T1" -> D502W_G225_0.2_0.3_T1 | AF3: ='Formulation Name Data'!A39&"_T1" -> NRL_N10358-176_G225_DGBE_0.2_0.3_0.5_T1 | AG3: ='Formulation Name Data'!A40&"_T1" -> NRL_N10358-174_G225_DGBE_0.2_0.3_0.5_T1 | AH3: ='Formulation Name Data'!A41&"_T1" -> G225_0.5_T1 | AI3: ='Formulation Name Data'!A42&"_T1" -> D501W_0.5_T1 | AJ3: ='Formulation Name Data'!A43&"_T1" -> D67_0.5_T1 | AK3: ='Formulation Name Data'!A44&"_T1" -> Cap_0.5_T1 | AL3: ='Formulation Name Data'!A45&"_T1" -> Gel6185_G215_DGBE_0.06_0.04_0.5_T1 | AM3: ='Formulation Name Data'!A46&"_T1" -> ComSor181360_G225_DGBE_0.2_0.3_0.5_T1 | AN3: ='Formulation Name Data'!A47&"_T1" -> ComSor181360_DGBE_0.5_0.5_T1 | AO3: ='Formulation Name Data'!A48&"_T1" -> D502W_C8G2_DGBE_0.2_0.19_0.5_T1 | AP3: ='Formulation Name Data'!A49&"_T1" -> D502W_C10G2_DGBE_0.2_0.19_0.5_T1 | AQ3: ='Formulation Name Data'!A50&"_T1" -> D502W_C12G2_DGBE_0.2_0.19_0.5_T1 | AR3: ='Formulation Name Data'!A51&"_T1" -> D502W_C8G1_DGBE_0.2_0.19_0.5_T1 | AS3: ='Formulation Name Data'!A52&"_T1" -> L77_0.5_T1 | AT3: ='Formulation Name Data'!A53&"_T1" -> Gel6185_0.5_T1 | AU3: ='Formulation Name Data'!A54&"_T1" -> D502W_0.5_T1 | AV3: ='Formulation Name Data'!A55&"_T1" -> D193_0.5_T1 | AW3: ='Formulation Name Data'!A56&"_T1" -> G215_0.5_T1 | AX3: ='Formulation Name Data'!A57&"_T1" -> ComSor_EXP-20-C10628-A_T1 | AY3: ='Formulation Name Data'!A58&"_T1" -> ComSor_EXP-20-C10628-B_T1 | AZ3: ='Formulation Name Data'!A59&"_T1" -> ComSor_EXP-20-C10628-C_T1 | BA3: ='Formulation Name Data'!A60&"_T1" -> ComSor_EXP-20-C10628-D_T1 | BB3: ='Formulation Name Data'!A61&"_T1" -> ComSor_EXP-20-C10628-E_T1 | BC3: ='Formulation Name Data'!A62&"_T1" -> ComSor_EXP-21-2_T1 | BD3: ='Formulation Name Data'!A63&"_T1" -> ComSor_EXP-21-1_T1 | BE3: ='Formulation Name Data'!A64&"_T1" -> Avio®F3 Green KHC_T1 | BF3: ='Formulation Name Data'!A65&"_T1" -> JetFoam 3%_T1 | BG3: ='Formulation Name Data'!A67&"_T1" -> FomtecEnviroUSP 3%_T1 | BH3: ='Formulation Name Data'!A68&"_T1" -> ComSor_EXP-21-3_T1 | BI3: ='Formulation Name Data'!A69&"_T1" -> ComSor_EXP-21-5_T1 | BJ3: ='Formulation Name Data'!A70&"_T1" -> ComSor_EXP-21-6_T1 | BK3: ='Formulation Name Data'!A71&"_T1" -> ComSor_EXP-21-7_T1 | BL3: ='Formulation Name Data'!A72&"_T1" -> D502W_DGBE_0.1_0.5_T1 | BM3: ='Formulation Name Data'!A73&"_T1" -> Cap_0.225_T1 | BN3: ='Formulation Name Data'!A74&"_T1" -> Cap_DGBE_0.225_0.5_T1 | BO3: ='Formulation Name Data'!A75&"_T1" -> D193_G215_DGBE_0.3_0.2_0.5_T1 | BP3: ='Formulation Name Data'!A99&"_T1" -> ComSor_26990-95B_T1 | BQ3: ='Formulation Name Data'!A137&"_T1" -> Gel6185_G215_DGBE_1.8_1.2_0.5_T1 | BR3: ='Formulation Name Data'!A138&"_T1" -> CL_MD2086-97_G225_DGBE_0.34_0.56_0.5_T1 | BS3: ='Formulation Name Data'!A154&"_T1" -> CL_MD2012-16_G225_DGBE_0.52_0.78_0.5_T1 | BT3: ='Formulation Name Data'!A155&"_T1" -> NRL_N10478-198_G225_DGBE_0.065_0.3_0.5_T1 | BU3: ='Formulation Name Data'!A158&"_T1" -> CL_MD2102-54_G225_DGBE_0.2_0.3_0.5_T1 | BV3: ='Formulation Name Data'!A182&"_T1" -> NRL_LBII43_G225_DGBE_0.2_0.3_0.5_T1 | BW3: ='Formulation Name Data'!A183&"_T1" -> NRL_CB_DTBTS_SB_G225_DGBE_0.02_0.3_0.5_T1 | BX3: ='Formulation Name Data'!A184&"_T1" -> NRL_CB-1-123_G225_DGBE_0.2_0.3_0.5_T1 | BY3: ='Formulation Name Data'!A185&"_T1" -> NRL_N10478-227_G225_DGBE_0.063_0.3_0.5_T1 | BZ3: ='Formulation Name Data'!A186&"_T1" -> NRL_N10478-233_G225_DGBE_0.03_0.3_0.5_T1 | CA3: ='Formulation Name Data'!A187&"_T1" -> NRL_N10478-240_G225_DGBE_#_0.3_0.5_T1 | CB3: ='Formulation Name Data'!A188&"_T1" -> CL_MD2102-90_G225_DGBE_0.2_0.3_0.5_T1 | CC3: ='Formulation Name Data'!A191&"_T1" -> ComSor_EXP-21-CH1070-1_3_T1 | CD3: ='Formulation Name Data'!A189&"_T1" -> CL_MD2102-112_G225_DGBE_0.05_0.3_0.5_T1 | CE3: ='Formulation Name Data'!A190&"_T1" -> CL_MD2102-118_G225_DGBE_0.2_0.3_0.5_T1 | CF3: ='Formulation Name Data'!A192&"_T1" -> ComSor_EXP-21-CH1070-2_3_T1 | CG3: ='Formulation Name Data'!A193&"_T1" -> ComSor_EXP-21-CH1070-4_1_T1 | CH3: ='Formulation Name Data'!A156&"_T1" -> NRL_N10477-189_G225_DGBE_0.05_0.3_0.5_T1 | CI3: ='Formulation Name Data'!A157&"_T1" -> NRL_N10478-81_G225_DGBE_0.116_0.3_0.5_T1 | CJ3: ='Formulation Name Data'!A198&"_T1" -> CL_MD2102-90_0.5_T1 | CK3: ='Formulation Name Data'!A197&"_T1" -> NRL_CB-1-192_G225_DGBE_0.14_0.21_0.5_T1
A4: 2.897 | B4: 2.901 | C4: 5.221 | D4: 2.408 | E4: 1.926 | F4: 3.8 | G4: 1.23 | H4: 3.07 | I4: 5.39 | J4: 8.45 | K4: 4.59 | L4: 2.408 | M4: NaN | N4: NaN | O4: NaN | P4: NaN | Q4: NaN | R4: NaN | S4: NaN | T4: NaN | U4: NaN | V4: NaN | W4: NaN | X4: NaN | Y4: 12.33 | Z4: 3.27 | AA4: NaN | AB4: 8.215 | AC4: 6.422 | AD4: 2.918 | AE4: 2.595 | AF4: 2.157 | AG4: 3.174 | AH4: 2.926 | AI4: 10.52 | AJ4: 4.438 | AK4: 5.48 | AL4: 6.381 | AM4: 1.355 | AN4: 1.438 | AO4: 4.017 | AP4: 3.851 | AQ4: 3.306 | AR4: 3.041 | AS4: 9.4715 | AT4: 4.9835 | AU4: 2.884 | AV4: 9.3105 | AW4: 2.0455 | AX4: 0.2 | AY4: 0 | AZ4: 0 | BA4: 2.339 | BB4: 3.446 | BC4: 1.529 | BD4: 1.438 | BE4: 0.868 | BF4: 1.901 | BG4: 1.678 | BH4: 3.299 | BI4: 3.67 | BJ4: 2.521 | BK4: 2.918 | BL4: 5.6 | BM4: 5.6 | BN4: 5.36 | BO4: 7.17 | BP4: 0.415 | BQ4: 0.488 | BR4: 1.868 | BS4: 2.7 | BT4: 0.083 | BU4: 1.488 | BV4: 3.901 | BW4: 1.273 | BX4: 1.512 | BY4: 0.479 | BZ4: 1.818 | CA4: 0.132 | CB4: 2.463 | CC4: 2.099 | CD4: 1.306 | CE4: 0 | CF4: 2.05 | CG4: 2.918 | CH4: 0.835 | CI4: 1.438 | CJ4: 5.62 | CK4: 1.744
A5: NaN | B5: NaN | C5: 3.34 | D5: NaN | E5: 1.0455 | F5: NaN | G5: NaN | H5: NaN | I5: NaN | J5: NaN | K5: NaN | L5: NaN | M5: NaN | N5: NaN | O5: NaN | P5: NaN | Q5: NaN | R5: NaN | S5: NaN | T5: NaN | U5: NaN | V5: NaN | W5: NaN | X5: NaN | Y5: NaN | Z5: NaN | AA5: NaN | AB5: NaN | AC5: NaN | AD5: 2.198 | AE5: NaN | AF5: NaN | AG5: NaN | AH5: NaN | AI5: NaN | AJ5: NaN | AK5: 4.017 | AL5: NaN | AM5: 1.306 | AN5: 0.785 | AO5: 4.289 | AP5: 2.124 | AQ5: 1.488 | AR5: 2.711 | AS5: NaN | AT5: NaN | AU5: NaN | AV5: NaN | AW5: NaN | AX5: 0 | AY5: 0 | AZ5: 0 | BA5: 0.793 | BB5: 1.587 | BC5: NaN | BD5: NaN | BE5: 0 | BF5: 0.256 | BG5: 0.355 | BH5: NaN | BI5: NaN | BJ5: NaN | BK5: NaN | BL5: NaN | BM5: NaN | BN5: NaN | BO5: NaN | BP5: 0 | BQ5: NaN | BR5: 0.273 | BS5: 1 | BT5: 0.05 | BU5: 0.471 | BV5: 3.814 | BW5: 0.703 | BX5: 0.868 | BY5: 0 | BZ5: 0.636 | CA5: 0 | CB5: 1.322 | CC5: 0.446 | CD5: 0.256 | CE5: 0 | CF5: 0.529 | CG5: 0.835 | CH5: 0.141 | CI5: 0.397 | CJ5: 2.786 | CK5: 0.306
A6: 2.44 | B6: NaN | C6: 5.62 | D6: NaN | E6: 1.63 | F6: 4.01 | G6: NaN | H6: NaN | I6: NaN | J6: NaN | K6: NaN | L6: 2.108 | M6: 8.53 | N6: 16.57 | O6: 6.03 | P6: 4.377 | Q6: 2.632 | R6: 2.223 | S6: 2.557 | T6: 3.767 | U6: 3.386 | V6: 7.16 | W6: 6.004 | X6: 6.889 | Y6: 10.215 | Z6: 2.942 | AA6: 7.04 | AB6: NaN | AC6: NaN | AD6: 2.2 | AE6: NaN | AF6: NaN | AG6: NaN | AH6: NaN | AI6: NaN | AJ6: NaN | AK6: NaN | AL6: NaN | AM6: NaN | AN6: NaN | AO6: NaN | AP6: NaN | AQ6: NaN | AR6: NaN | AS6: NaN | AT6: NaN | AU6: NaN | AV6: NaN | AW6: NaN | AX6: NaN | AY6: NaN | AZ6: NaN | BA6: NaN | BB6: NaN | BC6: NaN | BD6: NaN | BE6: 1.7 | BF6: 1.5 | BG6: 1.5 | BH6: NaN | BI6: NaN | BJ6: NaN | BK6: NaN | BL6: NaN | BM6: NaN | BN6: NaN | BO6: NaN | BP6: NaN | BQ6: NaN | BR6: NaN | BS6: NaN | BT6: NaN | BU6: NaN | BV6: NaN | BW6: NaN | BX6: NaN | BY6: NaN | BZ6: NaN | CA6: NaN | CB6: NaN | CC6: NaN | CD6: NaN | CE6: NaN | CF6: NaN | CG6: NaN | CH6: NaN | CI6: NaN | CJ6: NaN | CK6: NaN
A7: NaN | B7: NaN | C7: NaN | D7: NaN | E7: NaN | F7: NaN | G7: NaN | H7: NaN | I7: NaN | J7: NaN | K7: NaN | L7: NaN | M7: NaN | N7: NaN | O7: NaN | P7: NaN | Q7: NaN | R7: NaN | S7: NaN | T7: NaN | U7: NaN | V7: NaN | W7: NaN | X7: NaN | Y7: NaN | Z7: NaN | AA7: NaN | AB7: NaN | AC7: NaN | AD7: NaN | AE7: NaN | AF7: NaN | AG7: NaN | AH7: NaN | AI7: NaN | AJ7: NaN | AK7: NaN | AL7: NaN | AM7: NaN | AN7: NaN | AO7: NaN | AP7: NaN | AQ7: NaN | AR7: NaN | AS7: NaN | AT7: NaN | AU7: NaN | AV7: NaN | AW7: NaN | AX7: NaN | AY7: NaN | AZ7: NaN | BA7: NaN | BB7: NaN | BC7: NaN | BD7: NaN | BE7: 0.116 | BF7: 0.132 | BG7: 0.256 | BH7: NaN | BI7: NaN | BJ7: NaN | BK7: NaN | BL7: NaN | BM7: NaN | BN7: NaN | BO7: NaN | BP7: NaN | BQ7: NaN | BR7: NaN | BS7: NaN | BT7: NaN | BU7: NaN | BV7: NaN | BW7: NaN | BX7: NaN | BY7: NaN | BZ7: NaN | CA7: NaN | CB7: NaN | CC7: NaN | CD7: NaN | CE7: NaN | CF7: NaN | CG7: NaN | CH7: NaN | CI7: NaN | CJ7: NaN | CK7: NaN

Sheet Formulation Transport Time
A1: Time stamps for measured mol flux of heptane through concentration specific foam layers, units are in seconds
A2: ='Formulation Name Data'!A33&"_T1" -> D502W_G215_DGBE_0.075_0.05_0.5_T1 | B2: ='Formulation Name Data'!A33&"_T2" -> D502W_G215_DGBE_0.075_0.05_0.5_T2 | C2: ='Formulation Name Data'!A33&"_T3" -> D502W_G215_DGBE_0.075_0.05_0.5_T3 | D2: ='Formulation Name Data'!A27&"_T1" -> AlphaFoam_G215_DGBE_0.52_0.35_0.5_T1 | E2: ='Formulation Name Data'!A27&"_T2" -> AlphaFoam_G215_DGBE_0.52_0.35_0.5_T2 | F2: ='Formulation Name Data'!A27&"_T3" -> AlphaFoam_G215_DGBE_0.52_0.35_0.5_T3 | G2: ='Formulation Name Data'!A20&"_T1" -> T15-S-7_G215_DGBE_0.03_0.02_0.5_T1 | H2: ='Formulation Name Data'!A20&"_T2" -> T15-S-7_G215_DGBE_0.03_0.02_0.5_T2 | I2: ='Formulation Name Data'!A20&"_T3" -> T15-S-7_G215_DGBE_0.03_0.02_0.5_T3 | J2: ='Formulation Name Data'!A18&"_T1" -> Silphos_G215_DGBE_0.3_0.2_0.5_T1 | K2: ='Formulation Name Data'!A18&"_T2" -> Silphos_G215_DGBE_0.3_0.2_0.5_T2 | L2: ='Formulation Name Data'!A18&"_T3" -> Silphos_G215_DGBE_0.3_0.2_0.5_T3 | M2: ='Formulation Name Data'!A32&"_T1" -> D501W_G215_DGBE_0.04_0.027_0.5_T1 | N2: ='Formulation Name Data'!A32&"_T2" -> D501W_G215_DGBE_0.04_0.027_0.5_T2 | O2: ='Formulation Name Data'!A32&"_T3" -> D501W_G215_DGBE_0.04_0.027_0.5_T3 | P2: ='Formulation Name Data'!A19&"_T1" -> TMN6_G215_DGBE_0.3_0.2_0.5_T1 | Q2: ='Formulation Name Data'!A19&"_T2" -> TMN6_G215_DGBE_0.3_0.2_0.5_T2 | R2: ='Formulation Name Data'!A19&"_T3" -> TMN6_G215_DGBE_0.3_0.2_0.5_T3 | S2: ='Formulation Name Data'!A11&"_T1" -> RF6_6_T1 | T2: ='Formulation Name Data'!A11&"_T2" -> RF6_6_T2 | U2: ='Formulation Name Data'!A11&"_T3" -> RF6_6_T3 | V2: ='Formulation Name Data'!A17&"_T1" -> Silsurf_G215_DGBE_0.14_0.09_0.5_T1 | W2: ='Formulation Name Data'!A17&"_T2" -> Silsurf_G215_DGBE_0.14_0.09_0.5_T2 | X2: ='Formulation Name Data'!A8&"_T1" -> Cap_G215_DGBE_0.3_0.2_0.5_T1 | Y2: ='Formulation Name Data'!A56&"_T1" -> G215_0.5_T1 | Z2: ='Formulation Name Data'!A56&"_T2" -> G215_0.5_T2 | AA2: ='Formulation Name Data'!A56&"_T3" -> G215_0.5_T3 | AB2: ='Formulation Name Data'!A7&"_T1" -> G215_DGBE_0.5_0.5_T1 | AC2: ='Formulation Name Data'!A7&"_T2" -> G215_DGBE_0.5_0.5_T2 | AD2: ='Formulation Name Data'!A7&"_T3" -> G215_DGBE_0.5_0.5_T3 | AE2: ='Formulation Name Data'!A7&"_T4" -> G215_DGBE_0.5_0.5_T4 | AF2: ='Formulation Name Data'!A7&"_T5" -> G215_DGBE_0.5_0.5_T5 | AG2: ='Formulation Name Data'!A7&"_T6" -> G215_DGBE_0.5_0.5_T6 | AH2: ='Formulation Name Data'!A76&"_T1" -> TrX100_0.5_T1 | AI2: ='Formulation Name Data'!A76&"_T2" -> TrX100_0.5_T2 | AJ2: ='Formulation Name Data'!A76&"_T3" -> TrX100_0.5_T3 | AK2: ='Formulation Name Data'!A5&"_T1" -> TrX100_DGBE_0.5_0.5_T1 | AL2: ='Formulation Name Data'!A5&"_T2" -> TrX100_DGBE_0.5_0.5_T2 | AM2: ='Formulation Name Data'!A5&"_T3" -> TrX100_DGBE_0.5_0.5_T3 | AN2: ='Formulation Name Data'!A77&"_T1" -> D502W_0.1_T1 | AO2: ='Formulation Name Data'!A77&"_T2" -> D502W_0.1_T2 | AP2: ='Formulation Name Data'!A77&"_T3" -> D502W_0.1_T3 | AQ2: ='Formulation Name Data'!A78&"_T1" -> T15-S-7_0.05_T1 | AR2: ='Formulation Name Data'!A78&"_T2" -> T15-S-7_0.05_T2 | AS2: ='Formulation Name Data'!A78&"_T3" -> T15-S-7_0.05_T3 | AT2: ='Formulation Name Data'!A79&"_T1" -> TMN6_0.4_T1 | AU2: ='Formulation Name Data'!A79&"_T2" -> TMN6_0.4_T2 | AV2: ='Formulation Name Data'!A79&"_T3" -> TMN6_0.4_T3 | AW2: ='Formulation Name Data'!A80&"_T1" -> AlphaFoam_1.3_T1 | AX2: ='Formulation Name Data'!A80&"_T2" -> AlphaFoam_1.3_T2 | AY2: ='Formulation Name Data'!A81&"_T1" -> Silphos_0.3_T1 | AZ2: ='Formulation Name Data'!A81&"_T2" -> Silphos_0.3_T2 | BA2: ='Formulation Name Data'!A81&"_T3" -> Silphos_0.3_T3 | BB2: ='Formulation Name Data'!A82&"_T1" -> Silsurf_0.014_T1 | BC2: ='Formulation Name Data'!A82&"_T2" -> Silsurf_0.014_T2 | BD2: ='Formulation Name Data'!A82&"_T3" -> Silsurf_0.014_T3 | BE2: ='Formulation Name Data'!A72&"_T1" -> D502W_DGBE_0.1_0.5_T1 | BF2: ='Formulation Name Data'!A72&"_T2" -> D502W_DGBE_0.1_0.5_T2 | BG2: ='Formulation Name Data'!A72&"_T3" -> D502W_DGBE_0.1_0.5_T3 | BH2: ='Formulation Name Data'!A83&"_T1" -> D502W_TrX100_DGBE_0.1_0.08_0.5_T1 | BI2: ='Formulation Name Data'!A83&"_T2" -> D502W_TrX100_DGBE_0.1_0.08_0.5_T2 | BJ2: ='Formulation Name Data'!A83&"_T3" -> D502W_TrX100_DGBE_0.1_0.08_0.5_T3 | BK2: ='Formulation Name Data'!A72&"_T4" -> D502W_DGBE_0.1_0.5_T4 | BL2: ='Formulation Name Data'!A72&"_T5" -> D502W_DGBE_0.1_0.5_T5 | BM2: ='Formulation Name Data'!A72&"_T6" -> D502W_DGBE_0.1_0.5_T6 | BN2: ='Formulation Name Data'!A84&"_T1" -> D502W_G215_DGBE_0.05_0.075_0.5_T1 | BO2: ='Formulation Name Data'!A84&"_T2" -> D502W_G215_DGBE_0.05_0.075_0.5_T2 | BP2: ='Formulation Name Data'!A84&"_T3" -> D502W_G215_DGBE_0.05_0.075_0.5_T3 | BQ2: ='Formulation Name Data'!A73&"_T1" -> Cap_0.225_T1 | BR2: ='Formulation Name Data'!A73&"_T2" -> Cap_0.225_T2 | BS2: ='Formulation Name Data'!A73&"_T3" -> Cap_0.225_T3 | BT2: ='Formulation Name Data'!A74&"_T1" -> Cap_DGBE_0.225_0.5_T1 | BU2: ='Formulation Name Data'!A74&"_T2" -> Cap_DGBE_0.225_0.5_T2 | BV2: ='Formulation Name Data'!A74&"_T3" -> Cap_DGBE_0.225_0.5_T3 | BW2: ='Formulation Name Data'!A44&"_T1" -> Cap_0.5_T1 | BX2: ='Formulation Name Data'!A44&"_T2" -> Cap_0.5_T2 | BY2: ='Formulation Name Data'!A44&"_T3" -> Cap_0.5_T3 | BZ2: ='Formulation Name Data'!A6&"_T1" -> Cap_DGBE_0.5_0.5_T1 | CA2: ='Formulation Name Data'!A6&"_T2" -> Cap_DGBE_0.5_0.5_T2 | CB2: ='Formulation Name Data'!A6&"_T3" -> Cap_DGBE_0.5_0.5_T3 | CC2: ='Formulation Name Data'!A111&"_T1" -> G225_DGBE_0.5_0.5_T1 | CD2: ='Formulation Name Data'!A111&"_T2" -> G225_DGBE_0.5_0.5_T2 | CE2: ='Formulation Name Data'!A111&"_T3" -> G225_DGBE_0.5_0.5_T3 | CF2: ='Formulation Name Data'!A85&"_T1" -> D502W_G225_DGBE_0.5_0.5_0.5_T1 | CG2: ='Formulation Name Data'!A85&"_T2" -> D502W_G225_DGBE_0.5_0.5_0.5_T2 | CH2: ='Formulation Name Data'!A85&"_T3" -> D502W_G225_DGBE_0.5_0.5_0.5_T3 | CI2: ='Formulation Name Data'!A112&"_T1" -> G600_DGBE_0.5_0.5_T1 | CJ2: ='Formulation Name Data'!A112&"_T2" -> G600_DGBE_0.5_0.5_T2 | CK2: ='Formulation Name Data'!A112&"_T3" -> G600_DGBE_0.5_0.5_T3 | CL2: ='Formulation Name Data'!A86&"_T1" -> D502W_G215_DGBE_0.5_0.5_0.5_T1 | CM2: ='Formulation Name Data'!A86&"_T2" -> D502W_G215_DGBE_0.5_0.5_0.5_T2 | CN2: ='Formulation Name Data'!A86&"_T3" -> D502W_G215_DGBE_0.5_0.5_0.5_T3 | CO2: ='Formulation Name Data'!A87&"_T1" -> D502W_G215_DGBE_0.2_0.3_0.5_T1 | CP2: ='Formulation Name Data'!A87&"_T2" -> D502W_G215_DGBE_0.2_0.3_0.5_T2 | CQ2: ='Formulation Name Data'!A87&"_T3" -> D502W_G215_DGBE_0.2_0.3_0.5_T3 | CR2: ='Formulation Name Data'!A88&"_T1" -> D502W_G600_DGBE_0.25_0.25_0.5_T1 | CS2: ='Formulation Name Data'!A88&"_T2" -> D502W_G600_DGBE_0.25_0.25_0.5_T2 | CT2: ='Formulation Name Data'!A88&"_T3" -> D502W_G600_DGBE_0.25_0.25_0.5_T3 | CU2: ='Formulation Name Data'!A10&"_T1" -> Buckeye 3%_3_T1 | CV2: ='Formulation Name Data'!A10&"_T2" -> Buckeye 3%_3_T2 | CW2: ='Formulation Name Data'!A89&"_T1" -> D502W_G600_DGBE_0.2_0.3_0.5_T1 | CX2: ='Formulation Name Data'!A89&"_T2" -> D502W_G600_DGBE_0.2_0.3_0.5_T2 | CY2: ='Formulation Name Data'!A89&"_T3" -> D502W_G600_DGBE_0.2_0.3_0.5_T3 | CZ2: ='Formulation Name Data'!A90&"_T1" -> D502W_G225_DGBE_0.25_0.25_0.5_T1 | DA2: ='Formulation Name Data'!A90&"_T2" -> D502W_G225_DGBE_0.25_0.25_0.5_T2 | DB2: ='Formulation Name Data'!A90&"_T3" -> D502W_G225_DGBE_0.25_0.25_0.5_T3 | DC2: ='Formulation Name Data'!A91&"_T1" -> D502W_G215_DGBE_0.25_0.25_0.5_T1 | DD2: ='Formulation Name Data'!A91&"_T2" -> D502W_G215_DGBE_0.25_0.25_0.5_T2 | DE2: ='Formulation Name Data'!A91&"_T3" -> D502W_G215_DGBE_0.25_0.25_0.5_T3 | DF2: ='Formulation Name Data'!A4&"_T1" -> Cap_TrX100_DGBE_0.3_0.2_0.5_T1 | DG2: ='Formulation Name Data'!A4&"_T2" -> Cap_TrX100_DGBE_0.3_0.2_0.5_T2 | DH2: ='Formulation Name Data'!A4&"_T3" -> Cap_TrX100_DGBE_0.3_0.2_0.5_T3 | DI2: ='Formulation Name Data'!A55&"_T1" -> D193_0.5_T1 | DJ2: ='Formulation Name Data'!A55&"_T2" -> D193_0.5_T2 | DK2: ='Formulation Name Data'!A43&"_T1" -> D67_0.5_T1 | DL2: ='Formulation Name Data'!A43&"_T2" -> D67_0.5_T2 | DM2: ='Formulation Name Data'!A54&"_T1" -> D502W_0.5_T1 | DN2: ='Formulation Name Data'!A54&"_T2" -> D502W_0.5_T2 | DO2: ='Formulation Name Data'!A54&"_T3" -> D502W_0.5_T3 | DP2: ='Formulation Name Data'!A52&"_T1" -> L77_0.5_T1 | DQ2: ='Formulation Name Data'!A52&"_T2" -> L77_0.5_T2 | DR2: ='Formulation Name Data'!A52&"_T3" -> L77_0.5_T3 | DS2: ='Formulation Name Data'!A42&"_T1" -> D501W_0.5_T1 | DT2: ='Formulation Name Data'!A42&"_T2" -> D501W_0.5_T2 | DU2: ='Formulation Name Data'!A42&"_T3" -> D501W_0.5_T3 | DV2: ='Formulation Name Data'!A53&"_T1" -> Gel6185_0.5_T1 | DW2: ='Formulation Name Data'!A53&"_T2" -> Gel6185_0.5_T2 | DX2: ='Formulation Name Data'!A53&"_T3" -> Gel6185_0.5_T3 | DY2: ='Formulation Name Data'!A54&"_T4" -> D502W_0.5_T4 | DZ2: ='Formulation Name Data'!A32&"_T1" -> D501W_G215_DGBE_0.04_0.027_0.5_T1 | EA2: ='Formulation Name Data'!A32&"_T2" -> D501W_G215_DGBE_0.04_0.027_0.5_T2 | EB2: ='Formulation Name Data'!A39&"_T1" -> NRL_N10358-176_G225_DGBE_0.2_0.3_0.5_T1 | EC2: ='Formulation Name Data'!A39&"_T2" -> NRL_N10358-176_G225_DGBE_0.2_0.3_0.5_T2 | ED2: ='Formulation Name Data'!A39&"_T3" -> NRL_N10358-176_G225_DGBE_0.2_0.3_0.5_T3 | EE2: ='Formulation Name Data'!A40&"_T1" -> NRL_N10358-174_G225_DGBE_0.2_0.3_0.5_T1 | EF2: ='Formulation Name Data'!A40&"_T2" -> NRL_N10358-174_G225_DGBE_0.2_0.3_0.5_T2 | EG2: ='Formulation Name Data'!A40&"_T3" -> NRL_N10358-174_G225_DGBE_0.2_0.3_0.5_T3 | EH2: ='Formulation Name Data'!A35&"_T1" -> L77_G215_DGBE_0.11_0.08_0.5_T1 | EI2: ='Formulation Name Data'!A35&"_T2" -> L77_G215_DGBE_0.11_0.08_0.5_T2 | EJ2: ='Formulation Name Data'!A35&"_T2" -> L77_G215_DGBE_0.11_0.08_0.5_T2 | EK2: ='Formulation Name Data'!A36&"_T1" -> D67_G215_DGBE_0.06_0.04_0.5_T1 | EL2: ='Formulation Name Data'!A36&"_T2" -> D67_G215_DGBE_0.06_0.04_0.5_T2 | EM2: ='Formulation Name Data'!A36&"_T3" -> D67_G215_DGBE_0.06_0.04_0.5_T3 | EN2: ='Formulation Name Data'!A45&"_T1" -> Gel6185_G215_DGBE_0.06_0.04_0.5_T1 | EO2: ='Formulation Name Data'!A45&"_T2" -> Gel6185_G215_DGBE_0.06_0.04_0.5_T2 | EP2: ='Formulation Name Data'!A45&"_T3" -> Gel6185_G215_DGBE_0.06_0.04_0.5_T3 | EQ2: ='Formulation Name Data'!A75&"_T1" -> D193_G215_DGBE_0.3_0.2_0.5_T1 | ER2: ='Formulation Name Data'!A75&"_T2" -> D193_G215_DGBE_0.3_0.2_0.5_T2 | ES2: ='Formulation Name Data'!A92&"_T1" -> NRL_N10477-09_G225_DGBE_0.2_0.3_0.5_T1 | ET2: ='Formulation Name Data'!A92&"_T2" -> NRL_N10477-09_G225_DGBE_0.2_0.3_0.5_T2 | EU2: ='Formulation Name Data'!A92&"_T3" -> NRL_N10477-09_G225_DGBE_0.2_0.3_0.5_T3 | EV2: ='Formulation Name Data'!A113&"_T1" -> D502W_DGBE_0.5_0.5_T1 | EW2: ='Formulation Name Data'!A113&"_T2" -> D502W_DGBE_0.5_0.5_T2 | EX2: ='Formulation Name Data'!A113&"_T3" -> D502W_DGBE_0.5_0.5_T3 | EY2: ='Formulation Name Data'!A93&"_T1" -> TrX100_G215_DGBE_0.06_0.04_0.5_T1 | EZ2: ='Formulation Name Data'!A93&"_T2" -> TrX100_G215_DGBE_0.06_0.04_0.5_T2 | FA2: ='Formulation Name Data'!A93&"_T3" -> TrX100_G215_DGBE_0.06_0.04_0.5_T3 | FB2: ='Formulation Name Data'!A21&"_T1" -> TrX45_G215_DGBE_0.022_0.015_0.5_T1 | FC2: ='Formulation Name Data'!A21&"_T2" -> TrX45_G215_DGBE_0.022_0.015_0.5_T2 | FD2: ='Formulation Name Data'!A21&"_T3" -> TrX45_G215_DGBE_0.022_0.015_0.5_T3 | FE2: ='Formulation Name Data'!A22&"_T1" -> TrX114_G215_DGBE_0.04_0.027_0.5_T1 | FF2: ='Formulation Name Data'!A22&"_T2" -> TrX114_G215_DGBE_0.04_0.027_0.5_T2 | FG2: ='Formulation Name Data'!A22&"_T3" -> TrX114_G215_DGBE_0.04_0.027_0.5_T3 | FH2: ='Formulation Name Data'!A94&"_T1" -> Gel6492.6_G215_DGBE_0.06_0.04_0.5_T1 | FI2: ='Formulation Name Data'!A94&"_T2" -> Gel6492.6_G215_DGBE_0.06_0.04_0.5_T2 | FJ2: ='Formulation Name Data'!A94&"_T3" -> Gel6492.6_G215_DGBE_0.06_0.04_0.5_T3 | FK2: ='Formulation Name Data'!A114&"_T1" -> T15-S-9_G215_DGBE_0.03_0.02_0.5_T1 | FL2: ='Formulation Name Data'!A114&"_T2" -> T15-S-9_G215_DGBE_0.03_0.02_0.5_T2 | FM2: ='Formulation Name Data'!A114&"_T3" -> T15-S-9_G215_DGBE_0.03_0.02_0.5_T3 | FN2: ='Formulation Name Data'!A28&"_T1" -> Mys_G215_DGBE_0.068_0.045_0.5_T1 | FO2: ='Formulation Name Data'!A28&"_T2" -> Mys_G215_DGBE_0.068_0.045_0.5_T2 | FP2: ='Formulation Name Data'!A28&"_T3" -> Mys_G215_DGBE_0.068_0.045_0.5_T3 | FQ2: ='Formulation Name Data'!A95&"_T1" -> SDS_G215_DGBE_0.22_0.15_0.5_T1 | FR2: ='Formulation Name Data'!A95&"_T2" -> SDS_G215_DGBE_0.22_0.15_0.5_T2 | FS2: ='Formulation Name Data'!A95&"_T3" -> SDS_G215_DGBE_0.22_0.15_0.5_T3 | FT2: ='Formulation Name Data'!A115&"_T1" -> T15-S-12_G215_DGBE_0.03_0.02_0.5_T1 | FU2: ='Formulation Name Data'!A115&"_T2" -> T15-S-12_G215_DGBE_0.03_0.02_0.5_T2 | FV2: ='Formulation Name Data'!A115&"_T3" -> T15-S-12_G215_DGBE_0.03_0.02_0.5_T3 | FW2: ='Formulation Name Data'!A96&"_T1" -> NRL_N10477-12_G225_DGBE_0.2_0.3_0.5_T1 | FX2: ='Formulation Name Data'!A96&"_T2" -> NRL_N10477-12_G225_DGBE_0.2_0.3_0.5_T2 | FY2: ='Formulation Name Data'!A96&"_T3" -> NRL_N10477-12_G225_DGBE_0.2_0.3_0.5_T3 | FZ2: ='Formulation Name Data'!A97&"_T1" -> NRL_N10477-07_G225_DGBE_0.2_0.3_0.5_T1 | GA2: ='Formulation Name Data'!A97&"_T2" -> NRL_N10477-07_G225_DGBE_0.2_0.3_0.5_T2 | GB2: ='Formulation Name Data'!A97&"_T3" -> NRL_N10477-07_G225_DGBE_0.2_0.3_0.5_T3 | GC2: ='Formulation Name Data'!A39&"_T4" -> NRL_N10358-176_G225_DGBE_0.2_0.3_0.5_T4 | GD2: ='Formulation Name Data'!A39&"_T5" -> NRL_N10358-176_G225_DGBE_0.2_0.3_0.5_T5 | GE2: ='Formulation Name Data'!A39&"_T6" -> NRL_N10358-176_G225_DGBE_0.2_0.3_0.5_T6 | GF2: ='Formulation Name Data'!A116&"_T1" -> NRL_N10477-05_G215_DGBE_0.2_0.3_0.5_T1 | GG2: ='Formulation Name Data'!A116&"_T2" -> NRL_N10477-05_G215_DGBE_0.2_0.3_0.5_T2 | GH2: ='Formulation Name Data'!A116&"_T3" -> NRL_N10477-05_G215_DGBE_0.2_0.3_0.5_T3 | GI2: ='Formulation Name Data'!A46&"_T1" -> ComSor181360_G225_DGBE_0.2_0.3_0.5_T1 | GJ2: ='Formulation Name Data'!A48&"_T1" -> D502W_C8G2_DGBE_0.2_0.19_0.5_T1 | GK2: ='Formulation Name Data'!A48&"_T2" -> D502W_C8G2_DGBE_0.2_0.19_0.5_T2 | GL2: ='Formulation Name Data'!A48&"_T3" -> D502W_C8G2_DGBE_0.2_0.19_0.5_T3 | GM2: ='Formulation Name Data'!A51&"_T1" -> D502W_C8G1_DGBE_0.2_0.19_0.5_T1 | GN2: ='Formulation Name Data'!A51&"_T2" -> D502W_C8G1_DGBE_0.2_0.19_0.5_T2 | GO2: ='Formulation Name Data'!A51&"_T3" -> D502W_C8G1_DGBE_0.2_0.19_0.5_T3 | GP2: ='Formulation Name Data'!A49&"_T1" -> D502W_C10G2_DGBE_0.2_0.19_0.5_T1 | GQ2: ='Formulation Name Data'!A49&"_T2" -> D502W_C10G2_DGBE_0.2_0.19_0.5_T2 | GR2: ='Formulation Name Data'!A50&"_T1" -> D502W_C12G2_DGBE_0.2_0.19_0.5_T1 | GS2: ='Formulation Name Data'!A50&"_T2" -> D502W_C12G2_DGBE_0.2_0.19_0.5_T2 | GT2: ='Formulation Name Data'!A50&"_T3" -> D502W_C12G2_DGBE_0.2_0.19_0.5_T3 | GU2: ='Formulation Name Data'!A160&"_T1" -> D502W_CL_C8G3_DGBE_0.2_0.19_0.5_T1 | GV2: ='Formulation Name Data'!A160&"_T2" -> D502W_CL_C8G3_DGBE_0.2_0.19_0.5_T2 | GW2: ='Formulation Name Data'!A160&"_T3" -> D502W_CL_C8G3_DGBE_0.2_0.19_0.5_T3 | GX2: ='Formulation Name Data'!A56&"_T4" -> G215_0.5_T4 | GY2: ='Formulation Name Data'!A56&"_T5" -> G215_0.5_T5 | GZ2: ='Formulation Name Data'!A56&"_T6" -> G215_0.5_T6 | HA2: ='Formulation Name Data'!A33&"_T4" -> D502W_G215_DGBE_0.075_0.05_0.5_T4 | HB2: ='Formulation Name Data'!A33&"_T5" -> D502W_G215_DGBE_0.075_0.05_0.5_T5 | HC2: ='Formulation Name Data'!A33&"_T6" -> D502W_G215_DGBE_0.075_0.05_0.5_T6 | HD2: ='Formulation Name Data'!A98&"_T1" -> ComSor1830503_T1 | HE2: ='Formulation Name Data'!A98&"_T2" -> ComSor1830503_T2 | HF2: ='Formulation Name Data'!A99&"_T1" -> ComSor_26990-95B_T1 | HG2: ='Formulation Name Data'!A99&"_T2" -> ComSor_26990-95B_T2 | HH2: ='Formulation Name Data'!A100&"_T1" -> ComSor_26990-95C_T1 | HI2: ='Formulation Name Data'!A100&"_T2" -> ComSor_26990-95C_T2 | HJ2: ='Formulation Name Data'!A101&"_T1" -> ComSor_26990-95D_T1 | HK2: ='Formulation Name Data'!A101&"_T2" -> ComSor_26990-95D_T2 | HL2: ='Formulation Name Data'!A102&"_T1" -> D502W_C8SG2_DGBE_0.2_0.19_0.5_T1 | HM2: ='Formulation Name Data'!A102&"_T2" -> D502W_C8SG2_DGBE_0.2_0.19_0.5_T2 | HN2: ='Formulation Name Data'!A102&"_T3" -> D502W_C8SG2_DGBE_0.2_0.19_0.5_T3 | HO2: ='Formulation Name Data'!A103&"_T1" -> D502W_Cymal_DGBE_0.2_0.19_0.5_T1 | HP2: ='Formulation Name Data'!A103&"_T2" -> D502W_Cymal_DGBE_0.2_0.19_0.5_T2 | HQ2: ='Formulation Name Data'!A103&"_T3" -> D502W_Cymal_DGBE_0.2_0.19_0.5_T3 | HR2: ='Formulation Name Data'!A104&"_T1" -> D502W_iC8G2_DGBE_0.2_0.19_0.5_T1 | HS2: ='Formulation Name Data'!A104&"_T2" -> D502W_iC8G2_DGBE_0.2_0.19_0.5_T2 | HT2: ='Formulation Name Data'!A104&"_T3" -> D502W_iC8G2_DGBE_0.2_0.19_0.5_T3 | HU2: ='Formulation Name Data'!A105&"_T1" -> D502W_C6G2_DGBE_0.2_0.19_0.5_T1 | HV2: ='Formulation Name Data'!A105&"_T2" -> D502W_C6G2_DGBE_0.2_0.19_0.5_T2 | HW2: ='Formulation Name Data'!A105&"_T3" -> D502W_C6G2_DGBE_0.2_0.19_0.5_T3 | HX2: ='Formulation Name Data'!A106&"_T1" -> D502W_C9G2_DGBE_0.2_0.19_0.5_T1 | HY2: ='Formulation Name Data'!A106&"_T2" -> D502W_C9G2_DGBE_0.2_0.19_0.5_T2 | HZ2: ='Formulation Name Data'!A106&"_T3" -> D502W_C9G2_DGBE_0.2_0.19_0.5_T3 | IA2: ='Formulation Name Data'!A107&"_T1" -> D502W_C6G1_DGBE_0.2_0.19_0.5_T1 | IB2: ='Formulation Name Data'!A107&"_T2" -> D502W_C6G1_DGBE_0.2_0.19_0.5_T2 | IC2: ='Formulation Name Data'!A107&"_T3" -> D502W_C6G1_DGBE_0.2_0.19_0.5_T3 | ID2: ='Formulation Name Data'!A108&"_T1" -> D502W_C7G1_DGBE_0.2_0.19_0.5_T1 | IE2: ='Formulation Name Data'!A108&"_T2" -> D502W_C7G1_DGBE_0.2_0.19_0.5_T2 | IF2: ='Formulation Name Data'!A108&"_T3" -> D502W_C7G1_DGBE_0.2_0.19_0.5_T3 | IG2: ='Formulation Name Data'!A44&"_T4" -> Cap_0.5_T4 | IH2: ='Formulation Name Data'!A44&"_T5" -> Cap_0.5_T5 | II2: ='Formulation Name Data'!A44&"_T6" -> Cap_0.5_T6 | IJ2: ='Formulation Name Data'!A41&"_T1" -> G225_0.5_T1 | IK2: ='Formulation Name Data'!A41&"_T2" -> G225_0.5_T2 | IL2: ='Formulation Name Data'!A41&"_T3" -> G225_0.5_T3 | IM2: ='Formulation Name Data'!A38&"_T1" -> D502W_G225_0.2_0.3_T1 | IN2: ='Formulation Name Data'!A38&"_T2" -> D502W_G225_0.2_0.3_T2 | IO2: ='Formulation Name Data'!A38&"_T3" -> D502W_G225_0.2_0.3_T3 | IP2: ='Formulation Name Data'!A37&"_T1" -> D502W_G225_DGBE_0.2_0.3_0.5_T1 | IQ2: ='Formulation Name Data'!A37&"_T2" -> D502W_G225_DGBE_0.2_0.3_0.5_T2 | IR2: ='Formulation Name Data'!A37&"_T3" -> D502W_G225_DGBE_0.2_0.3_0.5_T3 | IS2: ='Formulation Name Data'!A109&"_T1" -> G225_DGBE_0.3_0.5_T1 | IT2: ='Formulation Name Data'!A109&"_T2" -> G225_DGBE_0.3_0.5_T2 | IU2: ='Formulation Name Data'!A64&"_AgedConc_T1" -> Avio®F3 Green KHC_AgedConc_T1 | IV2: ='Formulation Name Data'!A64&"_AgedConc_T2" -> Avio®F3 Green KHC_AgedConc_T2 | IW2: ='Formulation Name Data'!A64&"_AgedConc_T3" -> Avio®F3 Green KHC_AgedConc_T3 | IX2: ='Formulation Name Data'!A65&"_AgedConc_T1" -> JetFoam 3%_AgedConc_T1 | IY2: ='Formulation Name Data'!A65&"_AgedConc_T2" -> JetFoam 3%_AgedConc_T2 | IZ2: ='Formulation Name Data'!A110&"_T1" -> ComSor_EXP-21-CH1035-B_T1 | JA2: ='Formulation Name Data'!A110&"_T2" -> ComSor_EXP-21-CH1035-B_T2 | JB2: ='Formulation Name Data'!A117&"_T1" -> ComSor_EXP-21-CH1035-A_T1 | JC2: ='Formulation Name Data'!A117&"_T2" -> ComSor_EXP-21-CH1035-A_T2 | JD2: ='Formulation Name Data'!A118&"_T1" -> ComSor_EXP-21-CH1035-C_T1 | JE2: ='Formulation Name Data'!A66&"_AgedConc_T1" -> Solberg® Rehealing RF3 3%_AgedConc_T1 | JF2: ='Formulation Name Data'!A66&"_AgedConc_T2" -> Solberg® Rehealing RF3 3%_AgedConc_T2 | JG2: ='Formulation Name Data'!A67&"_T1" -> FomtecEnviroUSP 3%_T1 | JH2: ='Formulation Name Data'!A67&"_T2" -> FomtecEnviroUSP 3%_T2 | JI2: ='Formulation Name Data'!A63&"_T1" -> ComSor_EXP-21-1_T1 | JJ2: ='Formulation Name Data'!A63&"_T2" -> ComSor_EXP-21-1_T2 | JK2: ='Formulation Name Data'!A62&"_T1" -> ComSor_EXP-21-2_T1 | JL2: ='Formulation Name Data'!A62&"_T2" -> ComSor_EXP-21-2_T2 | JM2: ='Formulation Name Data'!A68&"_T1" -> ComSor_EXP-21-3_T1 | JN2: ='Formulation Name Data'!A69&"_T1" -> ComSor_EXP-21-5_T1 | JO2: ='Formulation Name Data'!A69&"_T2" -> ComSor_EXP-21-5_T2 | JP2: ='Formulation Name Data'!A70&"_T1" -> ComSor_EXP-21-6_T1 | JQ2: ='Formulation Name Data'!A70&"_T2" -> ComSor_EXP-21-6_T2 | JR2: ='Formulation Name Data'!A71&"_T1" -> ComSor_EXP-21-7_T1 | JS2: ='Formulation Name Data'!A71&"_T2" -> ComSor_EXP-21-7_T2 | JT2: ='Formulation Name Data'!A178&"_T1" -> CL_MD2062-121_G225_DGBE_0.1_0.3_0.5_T1 | JU2: ='Formulation Name Data'!A178&"_T2" -> CL_MD2062-121_G225_DGBE_0.1_0.3_0.5_T2 | JV2: ='Formulation Name Data'!A178&"_T3" -> CL_MD2062-121_G225_DGBE_0.1_0.3_0.5_T3 | JW2: ='Formulation Name Data'!A138&"_T1" -> CL_MD2086-97_G225_DGBE_0.34_0.56_0.5_T1 | JX2: ='Formulation Name Data'!A139&"_T1" -> CL_MD2086-97_0.5_T1 | JY2: ='Formulation Name Data'!A154&"_T1" -> CL_MD2012-16_G225_DGBE_0.52_0.78_0.5_T1 | JZ2: ='Formulation Name Data'!A155&"_T1" -> NRL_N10478-198_G225_DGBE_0.065_0.3_0.5_T1 | KA2: ='Formulation Name Data'!A155&"_T2" -> NRL_N10478-198_G225_DGBE_0.065_0.3_0.5_T2 | KB2: ='Formulation Name Data'!A158&"_T1" -> CL_MD2102-54_G225_DGBE_0.2_0.3_0.5_T1 | KC2: ='Formulation Name Data'!A182&"_T1" -> NRL_LBII43_G225_DGBE_0.2_0.3_0.5_T1 | KD2: ='Formulation Name Data'!A182&"_T2" -> NRL_LBII43_G225_DGBE_0.2_0.3_0.5_T2 | KE2: ='Formulation Name Data'!A183&"_T1" -> NRL_CB_DTBTS_SB_G225_DGBE_0.02_0.3_0.5_T1 | KF2: ='Formulation Name Data'!A183&"_T2" -> NRL_CB_DTBTS_SB_G225_DGBE_0.02_0.3_0.5_T2 | KG2: ='Formulation Name Data'!A184&"_T1" -> NRL_CB-1-123_G225_DGBE_0.2_0.3_0.5_T1 | KH2: ='Formulation Name Data'!A185&"_T2" -> NRL_N10478-227_G225_DGBE_0.063_0.3_0.5_T2 | KI2: ='Formulation Name Data'!A187&"_T1" -> NRL_N10478-240_G225_DGBE_#_0.3_0.5_T1 | KJ2: ='Formulation Name Data'!A187&"_T2" -> NRL_N10478-240_G225_DGBE_#_0.3_0.5_T2 | KK2: ='Formulation Name Data'!A188&"_T1" -> CL_MD2102-90_G225_DGBE_0.2_0.3_0.5_T1 | KL2: ='Formulation Name Data'!A189&"_T1" -> CL_MD2102-112_G225_DGBE_0.05_0.3_0.5_T1 | KM2: ='Formulation Name Data'!A189&"_T2" -> CL_MD2102-112_G225_DGBE_0.05_0.3_0.5_T2 | KN2: ='Formulation Name Data'!A191&"_T1" -> ComSor_EXP-21-CH1070-1_3_T1 | KO2: ='Formulation Name Data'!A191&"_T2" -> ComSor_EXP-21-CH1070-1_3_T2 | KP2: ='Formulation Name Data'!A190&"_T1" -> CL_MD2102-118_G225_DGBE_0.2_0.3_0.5_T1 | KQ2: ='Formulation Name Data'!A190&"_T2" -> CL_MD2102-118_G225_DGBE_0.2_0.3_0.5_T2 | KR2: ='Formulation Name Data'!A192&"_T1" -> ComSor_EXP-21-CH1070-2_3_T1 | KS2: ='Formulation Name Data'!A192&"_T2" -> ComSor_EXP-21-CH1070-2_3_T2 | KT2: ='Formulation Name Data'!A193&"_T1" -> ComSor_EXP-21-CH1070-4_1_T1 | KU2: ='Formulation Name Data'!A193&"_T2" -> ComSor_EXP-21-CH1070-4_1_T2 | KV2: ='Formulation Name Data'!A197&"_T1" -> NRL_CB-1-192_G225_DGBE_0.14_0.21_0.5_T1 | KW2: ='Formulation Name Data'!A197&"_T2" -> NRL_CB-1-192_G225_DGBE_0.14_0.21_0.5_T2 | KX2: ='Formulation Name Data'!A166&"_T1" -> ComSor_EXP-22-CH1050_T1
A3: 0 | B3: 0 | C3: 0 | D3: 0 | E3: 0 | F3: 0 | G3: 0 | H3: 0 | I3: 0 | J3: 0 | K3: 0 | L3: 0 | M3: 0 | N3: 0 | O3: 0 | P3: 0 | Q3: 0 | R3: 0 | S3: 0 | T3: 0 | U3: 0 | V3: 0 | W3: 0 | X3: 0 | Y3: 0 | Z3: 0 | AA3: 0 | AB3: 0 | AC3: 0 | AD3: 0 | AE3: 0 | AF3: 0 | AG3: 0 | AH3: 0 | AI3: 0 | AJ3: 0 | AK3: 0 | AL3: 0 | AM3: 0 | AN3: 0 | AO3: 0 | AP3: 0 | AQ3: 0 | AR3: 0 | AS3: 0 | AT3: 0 | AU3: 0 | AV3: 0 | AW3: 0 | AX3: 0 | AY3: 0 | AZ3: 0 | BA3: 0 | BB3: 0 | BC3: 0 | BD3: 0 | BE3: 0 | BF3: 0 | BG3: 0 | BH3: 0 | BI3: 0 | BJ3: 0 | BK3: 0 | BL3: 0 | BM3: 0 | BN3: 0 | BO3: 0 | BP3: 0 | BQ3: 0 | BR3: 0 | BS3: 0 | BT3: 0 | BU3: 0 | BV3: 0 | BW3: 0 | BX3: 0 | BY3: 0 | BZ3: 0 | CA3: 0 | CB3: 0 | CC3: 0 | CD3: 0 | CE3: 0 | CF3: 0 | CG3: 0 | CH3: 0 | CI3: 0 | CJ3: 0 | CK3: 0 | CL3: 0 | CM3: 0 | CN3: 0 | CO3: 0 | CP3: 0 | CQ3: 0 | CR3: 0 | CS3: 0 | CT3: 0 | CU3: 0 | CV3: 0 | CW3: 0 | CX3: 0 | CY3: 0 | CZ3: 0 | DA3: 0 | DB3: 0 | DC3: 0 | DD3: 0 | DE3: 0 | DF3: 0 | DG3: 0 | DH3: 0 | DI3: 51 | DJ3: 51 | DK3: 51 | DL3: 51 | DM3: 60 | DN3: 60 | DO3: 60 | DP3: 40 | DQ3: 40 | DR3: 40 | DS3: 40 | DT3: 40 | DU3: 40 | DV3: 40 | DW3: 40 | DX3: 40 | DY3: 0 | DZ3: 53 | EA3: 53 | EB3: 0 | EC3: 0 | ED3: 0 | EE3: 0 | EF3: 0 | EG3: 0 | EH3: 55 | EI3: 55 | EJ3: 50 | EK3: 50 | EL3: 50 | EM3: 50 | EN3: 43 | EO3: 43 | EP3: 43 | EQ3: 48 | ER3: 48 | ES3: 0 | ET3: 0 | EU3: 0 | EV3: 0 | EW3: 0 | EX3: 0 | EY3: 0 | EZ3: 0 | FA3: 0 | FB3: 0 | FC3: 0 | FD3: 0 | FE3: 0 | FF3: 0 | FG3: 0 | FH3: 0 | FI3: 0 | FJ3: 0 | FK3: 0 | FL3: 0 | FM3: 0 | FN3: 0 | FO3: 0 | FP3: 0 | FQ3: 0 | FR3: 48 | FS3: 0 | FT3: 0 | FU3: 0 | FV3: 0 | FW3: 0 | FX3: 0 | FY3: 0 | FZ3: 0 | GA3: 0 | GB3: 0 | GC3: 0 | GD3: 0 | GE3: 0 | GF3: 0 | GG3: 16 | GH3: 0 | GI3: 0 | GJ3: 0 | GK3: 0 | GL3: 0 | GM3: 0 | GN3: 0 | GO3: 0 | GP3: 0 | GQ3: 0 | GR3: 0 | GS3: 0 | GT3: 0 | GU3: 0 | GV3: 0 | GW3: 0 | GX3: 0 | GY3: 0 | GZ3: 0 | HA3: 0 | HB3: 0 | HC3: 0 | HD3: 0 | HE3: 0 | HF3: 0 | HG3: 0 | HH3: 0 | HI3: 0 | HJ3: 0 | HK3: 0 | HL3: 0 | HM3: 0 | HN3: 0 | HO3: 0 | HP3: 0 | HQ3: 0 | HR3: 0 | HS3: 0 | HT3: 0 | HU3: 0 | HV3: 0 | HW3: 0 | HX3: 0 | HY3: 0 | HZ3: 0 | IA3: 0 | IB3: 0 | IC3: 0 | ID3: 0 | IE3: 0 | IF3: 0 | IG3: 0 | IH3: 0 | II3: 0 | IJ3: 0 | IK3: 0 | IL3: 0 | IM3: 0 | IN3: 0 | IO3: 0 | IP3: 0 | IQ3: 0 | IR3: 0 | IS3: 0 | IT3: 0 | IU3: 0 | IV3: 0 | IW3: 0 | IX3: 0 | IY3: 0 | IZ3: 0 | JA3: 0 | JB3: 0 | JC3: 0 | JD3: 0 | JE3: 0 | JF3: 0 | JG3: 0 | JH3: 0 | JI3: 0 | JJ3: 0 | JK3: 0 | JL3: 0 | JM3: 0 | JN3: 0 | JO3: 0 | JP3: 8 | JQ3: 0 | JR3: 0 | JS3: 0 | JT3: 0 | JU3: 0 | JV3: 0 | JW3: 0 | JX3: 0 | JY3: 0 | JZ3: 0 | KA3: 0 | KB3: 0 | KC3: 0 | KD3: 0 | KE3: 0 | KF3: 0 | KG3: 0 | KH3: 0 | KI3: 0 | KJ3: 0 | KK3: 0 | KL3: 0 | KM3: 0 | KN3: 0 | KO3: 0 | KP3: 0 | KQ3: 0 | KR3: 0 | KS3: 0 | KT3: 0 | KU3: 0 | KV3: 0 | KW3: 0 | KX3: 0
A4: 8 | B4: 8 | C4: 8 | D4: 8 | E4: 8 | F4: 8 | G4: 8 | H4: 8 | I4: 8 | J4: 8 | K4: 8 | L4: 8 | M4: 8 | N4: 8 | O4: 8 | P4: 16 | Q4: 16 | R4: 16 | S4: 8 | T4: 8 | U4: 8 | V4: 8 | W4: 8 | X4: 112 | Y4: 8 | Z4: 8 | AA4: 8 | AB4: 8 | AC4: 8 | AD4: 8 | AE4: 8 | AF4: 8 | AG4: 8 | AH4: 8 | AI4: 8 | AJ4: 8 | AK4: 8 | AL4: 8 | AM4: 8 | AN4: 8 | AO4: 8 | AP4: 8 | AQ4: 8 | AR4: 8 | AS4: 8 | AT4: 8 | AU4: 8 | AV4: 8 | AW4: 8 | AX4: 8 | AY4: 8 | AZ4: 8 | BA4: 8 | BB4: 8 | BC4: 8 | BD4: 8 | BE4: 8 | BF4: 8 | BG4: 8 | BH4: 8 | BI4: 8 | BJ4: 8 | BK4: 8 | BL4: 8 | BM4: 8 | BN4: 8 | BO4: 8 | BP4: 8 | BQ4: 40 | BR4: 40 | BS4: 40 | BT4: 40 | BU4: 40 | BV4: 40 | BW4: 40 | BX4: 40 | BY4: 40 | BZ4: 40 | CA4: 40 | CB4: 40 | CC4: 40 | CD4: 40 | CE4: 40 | CF4: 40 | CG4: 40 | CH4: 40 | CI4: 8 | CJ4: 8 | CK4: 8 | CL4: 8 | CM4: 8 | CN4: 8 | CO4: 8 | CP4: 8 | CQ4: 8 | CR4: 8 | CS4: 8 | CT4: 8 | CU4: 8 | CV4: 8 | CW4: 8 | CX4: 8 | CY4: 8 | CZ4: 8 | DA4: 8 | DB4: 8 | DC4: 8 | DD4: 8 | DE4: 8 | DF4: 8 | DG4: 8 | DH4: 8 | DI4: 67 | DJ4: 67 | DK4: 67 | DL4: 67 | DM4: 68 | DN4: 68 | DO4: 68 | DP4: 48 | DQ4: 48 | DR4: 48 | DS4: 72 | DT4: 72 | DU4: 72 | DV4: 48 | DW4: 48 | DX4: 48 | DY4: 8 | DZ4: 61 | EA4: 61 | EB4: 8 | EC4: 8 | ED4: 8 | EE4: 8 | EF4: 8 | EG4: 8 | EH4: 71 | EI4: 71 | EJ4: 66 | EK4: 66 | EL4: 66 | EM4: 66 | EN4: 59 | EO4: 59 | EP4: 59 | EQ4: 64 | ER4: 64 | ES4: 152 | ET4: 8 | EU4: 8 | EV4: 8 | EW4: 8 | EX4: 8 | EY4: 8 | EZ4: 8 | FA4: 8 | FB4: 8 | FC4: 8 | FD4: 8 | FE4: 8 | FF4: 8 | FG4: 8 | FH4: 8 | FI4: 8 | FJ4: 8 | FK4: 8 | FL4: 8 | FM4: 8 | FN4: 8 | FO4: 8 | FP4: 8 | FQ4: =8+FQ3 -> 8 | FR4: 56 | FS4: 8 | FT4: 8 | FU4: 8 | FV4: 8 | FW4: 8 | FX4: 8 | FY4: 8 | FZ4: 8 | GA4: 8 | GB4: 8 | GC4: 8 | GD4: 8 | GE4: 8 | GF4: 8 | GG4: 40 | GH4: 8 | GI4: 8 | GJ4: 8 | GK4: 8 | GL4: 8 | GM4: 8 | GN4: 8 | GO4: 8 | GP4: 8 | GQ4: 8 | GR4: 8 | GS4: 8 | GT4: 8 | GU4: 8 | GV4: 8 | GW4: 8 | GX4: 8 | GY4: 8 | GZ4: 8 | HA4: 8 | HB4: 8 | HC4: 8 | HD4: 8 | HE4: 8 | HF4: 8 | HG4: 8 | HH4: 8 | HI4: 8 | HJ4: 8 | HK4: 8 | HL4: 8 | HM4: 8 | HN4: 8 | HO4: 8 | HP4: 8 | HQ4: 8 | HR4: 8 | HS4: 8 | HT4: 8 | HU4: 8 | HV4: 8 | HW4: 8 | HX4: 8 | HY4: 8 | HZ4: 8 | IA4: 8 | IB4: 8 | IC4: 8 | ID4: 8 | IE4: 8 | IF4: 8 | IG4: 8 | IH4: 8 | II4: 8 | IJ4: 8 | IK4: 8 | IL4: 8 | IM4: 8 | IN4: 8 | IO4: 8 | IP4: 8 | IQ4: 8 | IR4: 8 | IS4: 8 | IT4: 8 | IU4: 8 | IV4: 8 | IW4: 8 | IX4: 8 | IY4: 8 | IZ4: 8 | JA4: 8 | JB4: 8 | JC4: 8 | JD4: 8 | JE4: 8 | JF4: 8 | JG4: 8 | JH4: 8 | JI4: 8 | JJ4: 8 | JK4: 8 | JL4: 8 | JM4: 8 | JN4: 8 | JO4: 8 | JP4: 72 | JQ4: 8 | JR4: 8 | JS4: 8 | JT4: 8 | JU4: 8 | JV4: 8 | JW4: =8+JW3 -> 8 | JX4: 8 | JY4: 8 | JZ4: 8 | KA4: 8 | KB4: 8 | KC4: 8 | KD4: 8 | KE4: 8 | KF4: 8 | KG4: 8 | KH4: 8 | KI4: 8 | KJ4: 8 | KK4: 8 | KL4: 8 | KM4: 8 | KN4: 8 | KO4: 8 | KP4: 8 | KQ4: 8 | KR4: 8 | KS4: 8 | KT4: 8 | KU4: 8 | KV4: 8 | KW4: 8 | KX4: =8+KX3 -> 8
A5: 56 | B5: 56 | C5: 56 | D5: 16 | E5: 16 | F5: 16 | G5: 16 | H5: 16 | I5: 16 | J5: 16 | K5: 16 | L5: 16 | M5: 24 | N5: 24 | O5: 24 | P5: 32 | Q5: 32 | R5: 32 | S5: 72 | T5: 72 | U5: 72 | V5: 16 | W5: 16 | X5: 224 | Y5: 16 | Z5: 16 | AA5: 16 | AB5: 32 | AC5: 32 | AD5: 32 | AE5: 40 | AF5: 40 | AG5: 40 | AH5: 16 | AI5: 16 | AJ5: 16 | AK5: 16 | AL5: 16 | AM5: 16 | AN5: 16 | AO5: 16 | AP5: 16 | AQ5: 16 | AR5: 16 | AS5: 16 | AT5: 16 | AU5: 16 | AV5: 16 | AW5: 16 | AX5: 16 | AY5: 16 | AZ5: 16 | BA5: 16 | BB5: 16 | BC5: 16 | BD5: 16 | BE5: 16 | BF5: 16 | BG5: 16 | BH5: 16 | BI5: 16 | BJ5: 16 | BK5: 24 | BL5: 24 | BM5: 24 | BN5: 16 | BO5: 16 | BP5: 16 | BQ5: 80 | BR5: 80 | BS5: 80 | BT5: 80 | BU5: 80 | BV5: 80 | BW5: 80 | BX5: 80 | BY5: 80 | BZ5: 160 | CA5: 160 | CB5: 160 | CC5: 80 | CD5: 80 | CE5: 80 | CF5: 80 | CG5: 80 | CH5: 80 | CI5: 16 | CJ5: 16 | CK5: 16 | CL5: 48 | CM5: 48 | CN5: 48 | CO5: 48 | CP5: 48 | CQ5: 48 | CR5: 48 | CS5: 48 | CT5: 48 | CU5: 48 | CV5: 48 | CW5: 32 | CX5: 32 | CY5: 32 | CZ5: 56 | DA5: 56 | DB5: 56 | DC5: 32 | DD5: 32 | DE5: 32 | DF5: 48 | DG5: 48 | DH5: 48 | DI5: 83 | DJ5: 83 | DK5: 83 | DL5: 83 | DM5: 84 | DN5: 84 | DO5: 84 | DP5: 56 | DQ5: 56 | DR5: 56 | DS5: 104 | DT5: 104 | DU5: 104 | DV5: 64 | DW5: 64 | DX5: 64 | DY5: 16 | DZ5: 77 | EA5: 77 | EB5: 32 | EC5: 32 | ED5: 32 | EE5: 16 | EF5: 16 | EG5: 16 | EH5: 95 | EI5: 95 | EJ5: 114 | EK5: 114 | EL5: 114 | EM5: 114 | EN5: 91 | EO5: 91 | EP5: 91 | EQ5: 96 | ER5: 96 | ES5: 176 | ET5: 32 | EU5: 32 | EV5: 16 | EW5: 16 | EX5: 16 | EY5: 16 | EZ5: 16 | FA5: 16 | FB5: 16 | FC5: 16 | FD5: 16 | FE5: 16 | FF5: 16 | FG5: 16 | FH5: 32 | FI5: 32 | FJ5: 32 | FK5: 32 | FL5: 32 | FM5: 32 | FN5: 24 | FO5: 24 | FP5: 24 | FQ5: =8+FQ4 -> 16 | FR5: 64 | FS5: 16 | FT5: 40 | FU5: 40 | FV5: 40 | FW5: 16 | FX5: 16 | FY5: 16 | FZ5: 16 | GA5: 16 | GB5: 16 | GC5: 32 | GD5: 32 | GE5: 32 | GF5: 16 | GG5: 72 | GH5: 16 | GI5: 16 | GJ5: 24 | GK5: 24 | GL5: 24 | GM5: 24 | GN5: 24 | GO5: 24 | GP5: 16 | GQ5: 16 | GR5: 16 | GS5: 16 | GT5: 16 | GU5: 16 | GV5: 16 | GW5: 16 | GX5: 16 | GY5: 16 | GZ5: 16 | HA5: 16 | HB5: 16 | HC5: 16 | HD5: 16 | HE5: 16 | HF5: 16 | HG5: 16 | HH5: 16 | HI5: 16 | HJ5: 16 | HK5: 16 | HL5: 16 | HM5: 16 | HN5: 16 | HO5: 16 | HP5: 16 | HQ5: 16 | HR5: 16 | HS5: 16 | HT5: 16 | HU5: 24 | HV5: 24 | HW5: 24 | HX5: 16 | HY5: 16 | HZ5: 16 | IA5: 16 | IB5: 16 | IC5: 16 | ID5: 16 | IE5: 16 | IF5: 16 | IG5: 72 | IH5: 72 | II5: 72 | IJ5: 32 | IK5: 32 | IL5: 32 | IM5: 32 | IN5: 32 | IO5: 32 | IP5: 32 | IQ5: 32 | IR5: 32 | IS5: 32 | IT5: 32 | IU5: 16 | IV5: 16 | IW5: 16 | IX5: 16 | IY5: 16 | IZ5: 16 | JA5: 16 | JB5: 24 | JC5: 24 | JD5: 16 | JE5: 16 | JF5: 16 | JG5: 16 | JH5: 16 | JI5: 16 | JJ5: 16 | JK5: 16 | JL5: 16 | JM5: 16 | JN5: 72 | JO5: 72 | JP5: 136 | JQ5: 72 | JR5: 72 | JS5: 72 | JT5: 16 | JU5: 16 | JV5: 16 | JW5: =8+JW4 -> 16 | JY5: 16 | JZ5: 16 | KA5: 16 | KB5: 16 | KC5: 32 | KD5: 32 | KE5: 24 | KF5: 24 | KI5: =KI4+8 -> 16 | KJ5: =KJ4+8 -> 16 | KK5: =8+KK4 -> 16 | KL5: =8+KL4 -> 16 | KM5: =8+KM4 -> 16 | KN5: =8+KN4 -> 16 | KO5: =8+KO4 -> 16 | KP5: =8+KP4 -> 16 | KQ5: =8+KQ4 -> 16 | KR5: 16 | KS5: 16 | KT5: 48 | KU5: 48 | KV5: =KV4+8 -> 16 | KW5: =KW4+8 -> 16 | KX5: 88
A6: 104 | B6: 104 | C6: 104 | D6: 24 | E6: 24 | F6: 24 | G6: 54 | H6: 54 | I6: 54 | K6: 24 | L6: 24 | M6: 40 | N6: 40 | O6: 40 | P6: 48 | Q6: 48 | R6: 48 | S6: 136 | T6: 136 | U6: 136 | V6: 24 | W6: 24 | X6: 336 | Y6: 24 | Z6: 24 | AA6: 24 | AB6: 56 | AC6: 56 | AD6: 56 | AE6: 72 | AF6: 72 | AG6: 72 | AH6: 24 | AI6: 24 | AJ6: 24 | AK6: 24 | AL6: 24 | AM6: 24 | AN6: 24 | AO6: 24 | AP6: 24 | AQ6: 24 | AR6: 24 | AS6: 24 | AT6: 24 | AU6: 24 | AV6: 24 | AW6: 24 | AX6: 24 | AY6: 24 | AZ6: 24 | BA6: 24 | BB6: 24 | BC6: 24 | BD6: 24 | BE6: 24 | BF6: 24 | BG6: 24 | BH6: 24 | BI6: 24 | BJ6: 24 | BK6: 40 | BL6: 40 | BM6: 40 | BN6: 24 | BO6: 24 | BP6: 24 | BQ6: 120 | BR6: 120 | BS6: 120 | BT6: 120 | BU6: 120 | BV6: 120 | BW6: 120 | BX6: 120 | BY6: 120 | BZ6: 280 | CA6: 280 | CB6: 280 | CC6: 120 | CD6: 120 | CE6: 120 | CF6: 120 | CG6: 120 | CH6: 120 | CI6: 24 | CJ6: 24 | CK6: 24 | CL6: 88 | CM6: 88 | CN6: 88 | CO6: 88 | CP6: 88 | CQ6: 88 | CR6: 88 | CS6: 88 | CT6: 88 | CU6: 88 | CV6: 88 | CW6: 56 | CX6: 56 | CY6: 56 | CZ6: 104 | DA6: 104 | DB6: 104 | DC6: 56 | DD6: 56 | DE6: 56 | DF6: 88 | DG6: 88 | DH6: 88 | DI6: 99 | DJ6: 99 | DK6: 99 | DL6: 99 | DM6: 100 | DN6: 100 | DO6: 100 | DP6: 72 | DQ6: 72 | DR6: 72 | DS6: 136 | DT6: 136 | DU6: 136 | DV6: 80 | DW6: 80 | DX6: 80 | DY6: 24 | DZ6: 101 | EA6: 101 | EB6: 56 | EC6: 56 | ED6: 56 | EE6: 48 | EF6: 48 | EG6: 48 | EH6: 127 | EI6: 127 | EJ6: 210 | EK6: 210 | EL6: 210 | EM6: 210 | EN6: 155 | EO6: 155 | EP6: 155 | EQ6: 128 | ER6: 128 | ES6: 200 | ET6: 56 | EU6: 56 | EV6: 32 | EW6: 32 | EX6: 32 | EY6: 32 | EZ6: 32 | FA6: 32 | FB6: 24 | FC6: 24 | FD6: 24 | FE6: 24 | FF6: 24 | FG6: 24 | FH6: 56 | FI6: 56 | FJ6: 56 | FK6: 56 | FL6: 56 | FM6: 56 | FN6: 40 | FO6: 40 | FP6: 40 | FQ6: =8+FQ5 -> 24 | FR6: 72 | FS6: 24 | FT6: 72 | FU6: 72 | FV6: 72 | FW6: 24 | FX6: 24 | FY6: 24 | FZ6: 32 | GA6: 32 | GB6: 32 | GC6: 56 | GD6: 56 | GE6: 56 | GF6: 40 | GG6: 104 | GH6: 40 | GI6: 24 | GJ6: 40 | GK6: 40 | GL6: 40 | GM6: 40 | GN6: 40 | GO6: 40 | GP6: 24 | GQ6: 24 | GR6: 24 | GS6: 24 | GT6: 24 | GU6: 24 | GV6: 24 | GW6: 24 | GX6: 24 | GY6: 24 | GZ6: 24 | HA6: 32 | HB6: 32 | HC6: 32 | HD6: 32 | HE6: 32 | HF6: 40 | HG6: 40 | HH6: 40 | HI6: 40 | HJ6: 24 | HK6: 24 | HL6: 32 | HM6: 32 | HN6: 32 | HO6: 24 | HP6: 24 | HQ6: 24 | HR6: 24 | HS6: 24 | HT6: 24 | HU6: 40 | HV6: 40 | HW6: 40 | HX6: 24 | HY6: 24 | HZ6: 24 | IA6: 24 | IB6: 24 | IC6: 24 | ID6: 24 | IE6: 24 | IF6: 24 | IG6: 136 | IH6: 136 | II6: 136 | IJ6: 56 | IK6: 56 | IL6: 56 | IM6: 56 | IN6: 56 | IO6: 56 | IP6: 56 | IQ6: 56 | IR6: 56 | IS6: 56 | IT6: 56 | IU6: 24 | IV6: 24 | IW6: 24 | IX6: 24 | IY6: 24 | IZ6: 24 | JA6: 24 | JB6: 40 | JC6: 40 | JD6: 24 | JE6: 24 | JF6: 24 | JG6: 24 | JH6: 24 | JI6: 24 | JJ6: 24 | JK6: 24 | JL6: 24 | JM6: 168 | JN6: 136 | JO6: 136 | JP6: 200 | JQ6: 136 | JR6: 136 | JS6: 136 | JT6: 24 | JU6: 24 | JV6: 24 | JW6: =8+JW5 -> 24 | JY6: 24 | JZ6: 24 | KA6: 24 | KB6: 24 | KC6: 56 | KD6: 56 | KE6: 40 | KF6: 40 | KI6: =KI5+8 -> 24 | KJ6: =KJ5+8 -> 24 | KK6: =8+KK5 -> 24 | KL6: =8+KL5 -> 24 | KM6: =8+KM5 -> 24 | KN6: =8+KN5 -> 24 | KO6: =8+KO5 -> 24 | KP6: =8+KP5 -> 24 | KQ6: =8+KQ5 -> 24 | KR6: 96 | KS6: 96 | KT6: 88 | KU6: 88 | KV6: =KV5+8 -> 24 | KW6: =KW5+8 -> 24 | KX6: 168
A7: 152 | B7: 152 | C7: 152 | D7: 32 | E7: 32 | F7: 32 | G7: 70 | H7: 70 | I7: 70 | K7: 32 | L7: 32 | M7: 56 | N7: 56 | O7: 56 | P7: 64 | Q7: 64 | R7: 64 | S7: 200 | T7: 200 | U7: 200 | V7: 32 | W7: 32 | X7: 448 | Y7: 32 | Z7: 32 | AA7: 32 | AB7: 80 | AC7: 80 | AD7: 80 | AE7: 104 | AF7: 104 | AG7: 104 | AH7: 32 | AI7: 32 | AJ7: 32 | AK7: 32 | AL7: 32 | AM7: 32 | AN7: 32 | AO7: 32 | AP7: 32 | AQ7: 32 | AR7: 32 | AS7: 32 | AT7: 32 | AU7: 32 | AV7: 32 | AW7: 32 | AX7: 32 | AY7: 40 | AZ7: 40 | BA7: 40 | BB7: 32 | BC7: 32 | BD7: 32 | BE7: 32 | BF7: 32 | BG7: 32 | BH7: 32 | BI7: 32 | BJ7: 32 | BK7: 56 | BL7: 56 | BM7: 56 | BN7: 32 | BO7: 32 | BP7: 32 | BQ7: 160 | BR7: 160 | BS7: 160 | BT7: 160 | BU7: 160 | BV7: 160 | BW7: 160 | BX7: 160 | BY7: 160 | BZ7: 400 | CA7: 400 | CB7: 400 | CC7: 160 | CD7: 160 | CE7: 160 | CF7: 160 | CG7: 160 | CH7: 160 | CI7: 32 | CJ7: 32 | CK7: 32 | CL7: 128 | CM7: 128 | CN7: 128 | CO7: 128 | CP7: 128 | CQ7: 128 | CR7: 128 | CS7: 128 | CT7: 128 | CU7: 128 | CV7: 128 | CW7: 80 | CX7: 80 | CY7: 80 | CZ7: 152 | DA7: 152 | DB7: 152 | DC7: 80 | DD7: 80 | DE7: 80 | DF7: 128 | DG7: 128 | DH7: 128 | DI7: 115 | DJ7: 115 | DK7: 115 | DL7: 115 | DM7: 116 | DN7: 116 | DO7: 116 | DP7: 88 | DQ7: 88 | DR7: 88 | DS7: 152 | DT7: 152 | DU7: 152 | DV7: 96 | DW7: 96 | DX7: 96 | DY7: 32 | DZ7: 125 | EA7: 125 | EB7: 80 | EC7: 80 | ED7: 80 | EE7: 80 | EF7: 80 | EG7: 80 | EH7: 223 | EI7: 223 | EJ7: 306 | EK7: 306 | EL7: 306 | EM7: 306 | EN7: 219 | EO7: 219 | EP7: 219 | EQ7: 160 | ER7: 160 | ES7: 224 | ET7: 80 | EU7: 80 | EV7: 48 | EW7: 48 | EX7: 48 | EY7: 48 | EZ7: 48 | FA7: 48 | FB7: 32 | FC7: 32 | FD7: 32 | FE7: 32 | FF7: 32 | FG7: 32 | FH7: 80 | FI7: 80 | FJ7: 80 | FK7: 80 | FL7: 80 | FM7: 80 | FN7: 56 | FO7: 56 | FP7: 56 | FQ7: =8+FQ6 -> 32 | FR7: 80 | FS7: 32 | FT7: 104 | FU7: 104 | FV7: 104 | FW7: 32 | FX7: 32 | FY7: 32 | FZ7: 56 | GA7: 56 | GB7: 56 | GC7: 80 | GD7: 80 | GE7: 80 | GF7: 72 | GG7: 136 | GH7: 72 | GI7: 32 | GJ7: 56 | GK7: 56 | GL7: 56 | GM7: 56 | GN7: 56 | GO7: 56 | GP7: 32 | GQ7: 32 | GR7: 40 | GS7: 40 | GT7: 40 | GU7: 32 | GV7: 32 | GW7: 32 | GX7: 32 | GY7: 32 | GZ7: 32 | HA7: 48 | HB7: 48 | HC7: 48 | HD7: 48 | HE7: 48 | HF7: 64 | HG7: 64 | HH7: 64 | HI7: 64 | HJ7: 40 | HK7: 40 | HL7: 48 | HM7: 48 | HN7: 48 | HO7: 32 | HP7: 32 | HQ7: 32 | HR7: 32 | HS7: 32 | HT7: 32 | HU7: 56 | HV7: 56 | HW7: 56 | HX7: 32 | HY7: 32 | HZ7: 32 | IA7: 32 | IB7: 32 | IC7: 32 | ID7: 32 | IE7: 32 | IF7: 32 | IG7: 200 | IH7: 200 | II7: 200 | IJ7: 80 | IK7: 80 | IL7: 80 | IM7: 80 | IN7: 80 | IO7: 80 | IP7: 80 | IQ7: 80 | IR7: 80 | IS7: 80 | IT7: 80 | IU7: 32 | IV7: 32 | IW7: 32 | IX7: 32 | IY7: 32 | IZ7: 32 | JA7: 32 | JB7: 56 | JC7: 56 | JD7: 32 | JE7: 32 | JF7: 32 | JG7: 32 | JH7: 32 | JI7: 32 | JJ7: 32 | JK7: 32 | JL7: 32 | JM7: 328 | JN7: 200 | JO7: 200 | JP7: 264 | JQ7: 200 | JR7: 200 | JS7: 200 | JT7: 32 | JU7: 32 | JV7: 32 | JW7: =8+JW6 -> 32 | JY7: 32 | JZ7: 32 | KA7: 32 | KB7: 32 | KC7: 80 | KD7: 80 | KE7: 56 | KF7: 56 | KI7: =KI6+8 -> 32 | KJ7: =KJ6+8 -> 32 | KK7: =8+KK6 -> 32 | KL7: =8+KL6 -> 32 | KM7: =8+KM6 -> 32 | KN7: 168 | KO7: 168 | KP7: =8+KP6 -> 32 | KQ7: =8+KQ6 -> 32 | KR7: 176 | KS7: 176 | KT7: 128 | KU7: 128 | KV7: =KV6+8 -> 32 | KW7: =KW6+8 -> 32 | KX7: 248
A8: 200 | B8: 200 | C8: 200 | D8: 40 | E8: 40 | F8: 40 | G8: 86 | H8: 86 | I8: 86 | K8: 40 | L8: 40 | M8: 72 | N8: 72 | O8: 72 | P8: 80 | Q8: 80 | R8: 80 | S8: 264 | T8: 264 | U8: 264 | V8: 40 | W8: 40 | X8: 560 | Y8: 40 | Z8: 40 | AA8: 40 | AB8: 104 | AC8: 104 | AD8: 104 | AE8: 136 | AF8: 136 | AG8: 136 | AH8: 40 | AI8: 40 | AJ8: 40 | AK8: 40 | AL8: 40 | AM8: 40 | AN8: 40 | AO8: 40 | AP8: 40 | AQ8: 40 | AR8: 40 | AS8: 40 | AT8: 40 | AU8: 40 | AV8: 40 | AW8: 40 | AX8: 40 | AY8: 56 | AZ8: 56 | BA8: 56 | BB8: 40 | BC8: 40 | BE8: 40 | BF8: 40 | BG8: 40 | BH8: 40 | BI8: 40 | BJ8: 40 | BK8: 72 | BL8: 72 | BM8: 72 | BN8: 40 | BO8: 40 | BP8: 40 | BQ8: 200 | BR8: 200 | BS8: 200 | BT8: 200 | BU8: 200 | BV8: 200 | BW8: 200 | BX8: 200 | BY8: 200 | BZ8: 520 | CA8: 520 | CB8: 520 | CC8: 200 | CD8: 200 | CE8: 200 | CF8: 200 | CG8: 200 | CH8: 200 | CI8: 40 | CJ8: 40 | CK8: 40 | CL8: 168 | CM8: 168 | CN8: 168 | CO8: 168 | CP8: 168 | CQ8: 168 | CR8: 168 | CS8: 168 | CT8: 168 | CU8: 168 | CV8: 168 | CW8: 104 | CX8: 104 | CY8: 104 | CZ8: 200 | DA8: 200 | DB8: 200 | DC8: 104 | DD8: 104 | DE8: 104 | DF8: 168 | DG8: 168 | DH8: 168 | DI8: 131 | DJ8: 131 | DK8: 131 | DL8: 131 | DM8: 132 | DN8: 132 | DO8: 132 | DP8: 104 | DQ8: 104 | DR8: 104 | DS8: 184 | DT8: 184 | DU8: 184 | DV8: 112 | DW8: 112 | DX8: 112 | DY8: 40 | DZ8: 149 | EA8: 149 | EB8: 104 | EC8: 104 | ED8: 104 | EE8: 112 | EF8: 112 | EG8: 112 | EH8: 351 | EI8: 351 | EJ8: 354 | EK8: 354 | EL8: 354 | EM8: 354 | EN8: 251 | EO8: 251 | EP8: 251 | EQ8: 224 | ER8: 224 | ES8: 248 | ET8: 104 | EU8: 104 | EV8: 64 | EW8: 64 | EX8: 64 | EY8: 64 | EZ8: 64 | FA8: 64 | FB8: 40 | FC8: 40 | FD8: 40 | FE8: 40 | FF8: 40 | FG8: 40 | FH8: 104 | FI8: 104 | FJ8: 104 | FK8: 104 | FL8: 104 | FM8: 104 | FN8: 72 | FO8: 72 | FP8: 72 | FQ8: =8+FQ7 -> 40 | FR8: 88 | FS8: 40 | FT8: 136 | FU8: 136 | FV8: 136 | FW8: 40 | FX8: 40 | FY8: 40 | FZ8: 80 | GA8: 80 | GB8: 80 | GC8: 104 | GD8: 104 | GE8: 104 | GF8: 104 | GG8: 168 | GH8: 104 | GI8: 40 | GJ8: 72 | GK8: 72 | GL8: 72 | GM8: 72 | GN8: 72 | GO8: 72 | GP8: 40 | GQ8: 40 | GR8: 56 | GS8: 56 | GT8: 56 | GU8: 40 | GV8: 40 | GW8: 40 | GX8: 40 | GY8: 40 | GZ8: 40 | HA8: 64 | HB8: 64 | HC8: 64 | HD8: 64 | HE8: 64 | HF8: 88 | HG8: 88 | HH8: 88 | HI8: 88 | HJ8: 64 | HK8: 64 | HL8: 64 | HM8: 64 | HN8: 64 | HO8: 40 | HP8: 40 | HQ8: 40 | HR8: 40 | HS8: 40 | HT8: 40 | HU8: 72 | HV8: 72 | HW8: 72 | HX8: 40 | HY8: 40 | HZ8: 40 | IA8: 40 | IB8: 40 | IC8: 40 | ID8: 40 | IE8: 40 | IF8: 40 | IG8: 264 | IH8: 264 | II8: 264 | IJ8: 104 | IK8: 104 | IL8: 104 | IM8: 104 | IN8: 104 | IO8: 104 | IP8: 104 | IQ8: 104 | IR8: 104 | IS8: 104 | IT8: 104 | IU8: 40 | IV8: 40 | IW8: 40 | IX8: 40 | IY8: 40 | IZ8: 40 | JA8: 40 | JB8: 72 | JC8: 72 | JD8: 40 | JE8: 40 | JF8: 40 | JG8: 40 | JH8: 40 | JI8: 40 | JJ8: 40 | JK8: 40 | JL8: 40 | JM8: 488 | JN8: 264 | JO8: 264 | JP8: 392 | JQ8: 264 | JR8: 264 | JS8: 264 | JT8: 40 | JU8: 40 | JV8: 40 | JW8: =8+JW7 -> 40 | JY8: 40 | JZ8: 40 | KA8: 40 | KB8: 40 | KC8: 104 | KD8: 104 | KE8: 72 | KF8: 72 | KI8: =KI7+8 -> 40 | KJ8: =KJ7+8 -> 40 | KK8: =8+KK7 -> 40 | KL8: =8+KL7 -> 40 | KM8: =8+KM7 -> 40 | KN8: 328 | KO8: 328 | KP8: =8+KP7 -> 40 | KQ8: =8+KQ7 -> 40 | KR8: 256 | KS8: 256 | KT8: 168 | KU8: 168 | KV8: =KV7+8 -> 40 | KW8: =KW7+8 -> 40 | KX8: 328
A9: 248 | B9: 248 | C9: 248 | D9: 48 | E9: 48 | F9: 48 | G9: 102 | H9: 102 | I9: 102 | K9: 48 | L9: 48 | M9: 88 | N9: 88 | O9: 88 | P9: 96 | Q9: 96 | R9: 96 | S9: 328 | T9: 328 | U9: 328 | V9: 48 | W9: 48 | X9: 672 | Y9: 48 | Z9: 48 | AA9: 48 | AB9: 128 | AC9: 128 | AD9: 128 | AE9: 168 | AF9: 168 | AG9: 168 | AH9: 48 | AI9: 48 | AJ9: 48 | AK9: 48 | AL9: 48 | AM9: 48 | AN9: 48 | AO9: 48 | AP9: 48 | AQ9: 48 | AR9: 48 | AS9: 48 | AT9: 48 | AU9: 48 | AV9: 48 | AW9: 48 | AX9: 48 | AY9: 64 | AZ9: 64 | BA9: 64 | BB9: 48 | BC9: 48 | BE9: 48 | BF9: 48 | BG9: 48 | BH9: 48 | BI9: 48 | BJ9: 48 | BK9: 88 | BL9: 88 | BM9: 88 | BN9: 48 | BO9: 48 | BP9: 48 | BQ9: 240 | BR9: 240 | BS9: 240 | BT9: 240 | BU9: 240 | BV9: 240 | BW9: 240 | BX9: 240 | BY9: 240 | BZ9: 640 | CA9: 640 | CB9: 640 | CC9: 240 | CD9: 240 | CE9: 240 | CF9: 240 | CG9: 240 | CH9: 240 | CI9: 48 | CJ9: 48 | CK9: 48 | CL9: 208 | CM9: 208 | CN9: 208 | CO9: 208 | CP9: 208 | CQ9: 208 | CR9: 208 | CS9: 208 | CT9: 208 | CU9: 208 | CV9: 208 | CW9: 128 | CX9: 128 | CY9: 128 | CZ9: 248 | DA9: 248 | DB9: 248 | DC9: 128 | DD9: 128 | DE9: 128 | DF9: 208 | DG9: 208 | DH9: 208 | DI9: 147 | DJ9: 147 | DK9: 147 | DL9: 147 | DM9: 148 | DN9: 148 | DO9: 148 | DP9: 136 | DQ9: 136 | DR9: 136 | DS9: 216 | DT9: 216 | DU9: 216 | DV9: 128 | DW9: 128 | DX9: 128 | DY9: 48 | DZ9: 173 | EA9: 173 | EB9: 128 | EC9: 128 | ED9: 128 | EE9: 144 | EF9: 144 | EG9: 144 | EH9: 431 | EI9: 431 | EJ9: 402 | EK9: 402 | EL9: 402 | EM9: 402 | EN9: 283 | EO9: 283 | EP9: 283 | EQ9: 256 | ER9: 256 | ES9: 272 | ET9: 128 | EU9: 128 | EV9: 80 | EW9: 80 | EX9: 80 | EY9: 80 | EZ9: 80 | FA9: 80 | FB9: 48 | FC9: 48 | FD9: 48 | FE9: 48 | FF9: 48 | FG9: 48 | FH9: 128 | FI9: 128 | FJ9: 128 | FK9: 128 | FL9: 128 | FM9: 128 | FN9: 88 | FO9: 88 | FP9: 88 | FQ9: =8+FQ8 -> 48 | FR9: 96 | FS9: 48 | FT9: 168 | FU9: 168 | FV9: 168 | FW9: 48 | FX9: 48 | FY9: 48 | FZ9: 104 | GA9: 104 | GB9: 104 | GC9: 128 | GD9: 128 | GE9: 128 | GF9: 136 | GG9: 200 | GH9: 136 | GI9: 48 | GJ9: 88 | GK9: 88 | GL9: 88 | GM9: 88 | GN9: 88 | GO9: 88 | GP9: 48 | GQ9: 48 | GR9: 72 | GS9: 72 | GT9: 72 | GU9: 48 | GV9: 48 | GW9: 48 | GX9: 48 | GY9: 48 | GZ9: 48 | HA9: 80 | HB9: 80 | HC9: 80 | HD9: 80 | HE9: 80 | HF9: 112 | HG9: 112 | HH9: 112 | HI9: 112 | HJ9: 88 | HK9: 88 | HL9: 80 | HM9: 80 | HN9: 80 | HO9: 48 | HP9: 48 | HQ9: 48 | HR9: 48 | HS9: 48 | HT9: 48 | HU9: 88 | HV9: 88 | HW9: 88 | HX9: 48 | HY9: 48 | HZ9: 48 | IA9: 48 | IB9: 48 | IC9: 48 | ID9: 48 | IE9: 48 | IF9: 48 | IG9: 328 | IH9: 328 | II9: 328 | IJ9: 128 | IK9: 128 | IL9: 128 | IM9: 128 | IN9: 128 | IO9: 128 | IP9: 128 | IQ9: 128 | IR9: 128 | IS9: 128 | IT9: 128 | IU9: 48 | IV9: 48 | IW9: 48 | IX9: 48 | IY9: 48 | IZ9: 48 | JA9: 48 | JB9: 88 | JC9: 88 | JD9: 48 | JE9: 48 | JF9: 48 | JG9: 48 | JH9: 48 | JI9: 48 | JJ9: 48 | JK9: 48 | JL9: 48 | JM9: 648 | JN9: 328 | JO9: 328 | JP9: 584 | JQ9: 328 | JR9: 328 | JS9: 328 | JT9: 48 | JU9: 48 | JV9: 48 | JW9: =8+JW8 -> 48 | JY9: 48 | JZ9: 48 | KA9: 48 | KB9: 48 | KC9: 128 | KD9: 128 | KE9: 88 | KF9: 88 | KI9: =KI8+8 -> 48 | KJ9: =KJ8+8 -> 48 | KK9: =8+KK8 -> 48 | KL9: =8+KL8 -> 48 | KM9: =8+KM8 -> 48 | KN9: 488 | KO9: 488 | KP9: =8+KP8 -> 48 | KQ9: =8+KQ8 -> 48 | KR9: 336 | KS9: 336 | KT9: 208 | KU9: 208 | KV9: =KV8+8 -> 48 | KW9: =KW8+8 -> 48 | KX9: 408
